,id,data_inversa,dia_semana,horario,uf,br,km,municipio,causa_acidente,tipo_acidente,classificacao_acidente,fase_dia,sentido_via,condicao_metereologica,tipo_pista,tracado_via,uso_solo,pessoas,mortos,feridos_leves,feridos_graves,ilesos,ignorados,feridos,veiculos,latitude,longitude,regional,delegacia,uop,rounded_datetime,rain,temperature_2m,apparent_temperature,relativehumidity_2m,cloudcover,windspeed_10m,is_day,mean_temperature
15242,490125,12/1/2022,quinta-feira,16:30:00,GO,153.0,549.3,PIRACANJUBA,Chuva,Saída de leito carroçável,Com Vítimas Feridas,Pleno dia,Crescente,Chuva,Dupla,Desvio Temporário,Não,1,0,1,0,0,0,1,1,-17.1321,-49.2141,SPRF-GO,DEL01-GO,UOP03-DEL01-GO,01/12/2022 17:00:00,2.1,24.9,27.4,73.0,23.0,8.2,1.0,20.1
15253,490157,12/2/2022,sexta-feira,5:50:00,ES,101.0,7.1,PEDRO CANARIO,Chuva,Saída de leito carroçável,Com Vítimas Feridas,Amanhecer,Crescente,Chuva,Simples,Desvio Temporário,Não,1,0,1,0,0,0,1,1,-18.22768508,-39.94459291,SPRF-ES,DEL04-ES,UOP02-DEL04-ES,02/12/2022 06:00:00,2.2,22.9,25.3,94.0,100.0,17.8,1.0,21.7
15271,490227,9/24/2022,sábado,22:30:00,BA,242.0,704.0,CRISTOPOLIS,Chuva,Saída de leito carroçável,Com Vítimas Feridas,Plena Noite,Crescente,Chuva,Simples,Reta,Não,1,0,1,0,0,0,1,1,-12.22349582,-44.2529887,SPRF-BA,DEL10-BA,UOP02-DEL10-BA,24/09/2022 23:00:00,5.0,21.6,24.3,90.0,54.0,7.7,0.0,20.7
15313,490426,12/3/2022,sábado,2:16:00,GO,50.0,125.0,IPAMERI,Chuva,Capotamento,Com Vítimas Feridas,Plena Noite,Crescente,Chuva,Dupla,Reta,Não,2,0,1,1,0,0,2,1,-16.96707657,-47.74014473,SPRF-GO,DEL06-GO,UOP01-DEL06-GO,03/12/2022 02:00:00,3.3,19.4,21.2,95.0,100.0,8.8,0.0,19.6
15322,490455,12/2/2022,sexta-feira,15:20:00,MT,364.0,331.0,CAMPO VERDE,Chuva,Tombamento,Com Vítimas Feridas,Pleno dia,Crescente,Chuva,Dupla,Curva,Não,2,0,2,0,0,0,2,1,-15.822813,-55.419647,SPRF-MT,DEL05-MT,UOP02-DEL05-MT,02/12/2022 15:00:00,0.2,27.5,31.5,64.0,44.0,2.5,1.0,22.5
15433,490951,12/5/2022,segunda-feira,13:20:00,GO,452.0,156.0,ITUMBIARA,Chuva,Colisão lateral sentido oposto,Com Vítimas Fatais,Pleno dia,Crescente,Chuva,Simples,Reta,Não,4,1,0,2,1,0,2,2,-18.29685014,-49.53730602,SPRF-GO,DEL03-GO,UOP02-DEL03-GO,05/12/2022 13:00:00,0.0,28.2,33.5,66.0,100.0,6.0,1.0,20.2
15438,490970,12/5/2022,segunda-feira,15:40:00,MG,262.0,465.7,BOM DESPACHO,Chuva,Engavetamento,Com Vítimas Feridas,Pleno dia,Crescente,Chuva,Simples,Não Informado,Não,4,0,2,0,2,0,2,3,-19.80935414,-45.11587504,SPRF-MG,DEL08-MG,UOP03-DEL08-MG,05/12/2022 16:00:00,0.1,23.4,25.0,76.0,100.0,12.3,1.0,19.4
15451,491066,12/6/2022,terça-feira,7:30:00,RJ,116.0,70.0,TERESOPOLIS,Chuva,Capotamento,Com Vítimas Feridas,Amanhecer,Crescente,Chuva,Simples,Curva,Não,1,0,1,0,0,0,1,1,-22.36325274,-42.95036316,SPRF-RJ,DEL04-RJ,UOP01-DEL04-RJ,06/12/2022 08:00:00,1.1,21.1,22.5,81.0,89.0,9.3,1.0,19.2
15453,491085,12/6/2022,terça-feira,9:50:00,MG,40.0,593.4,OURO PRETO,Chuva,Colisão lateral sentido oposto,Com Vítimas Feridas,Pleno dia,Crescente,Chuva,Simples,Curva,Não,2,0,1,0,1,0,1,2,-20.39652552,-43.90310526,SPRF-MG,DEL05-MG,UOP02-DEL05-MG,06/12/2022 10:00:00,0.5,18.0,18.7,87.0,100.0,8.7,1.0,18.2
15493,491237,12/7/2022,quarta-feira,1:00:00,RJ,116.0,264.0,VOLTA REDONDA,Chuva,Atropelamento de Pedestre,Com Vítimas Fatais,Plena Noite,Crescente,Chuva,Dupla,Reta,Não,2,1,0,0,0,1,0,1,-22.59213864,-44.07723781,SPRF-RJ,DEL07-RJ,UOP02-DEL07-RJ,07/12/2022 01:00:00,0.0,19.9,22.4,95.0,65.0,6.5,0.0,19.5
15495,491240,12/7/2022,quarta-feira,2:00:00,RJ,101.0,283.0,ITABORAI,Chuva,Tombamento,Com Vítimas Feridas,Plena Noite,Crescente,Garoa/Chuvisco,Dupla,Curva,Não,1,0,1,0,0,0,1,1,-22.73591014,-42.80592689,SPRF-RJ,DEL02-RJ,UOP02-DEL02-RJ,07/12/2022 02:00:00,0.9,22.2,25.8,93.0,75.0,5.4,0.0,21.7
15519,491321,12/7/2022,quarta-feira,10:30:00,MG,381.0,528.0,BRUMADINHO,Chuva,Colisão traseira,Com Vítimas Feridas,Pleno dia,Decrescente,Chuva,Dupla,Reta,Não,4,0,2,0,2,0,2,2,-20.16368096,-44.36025002,SPRF-MG,DEL04-MG,UOP03-DEL04-MG,07/12/2022 11:00:00,2.1,21.6,23.6,86.0,100.0,9.6,1.0,18.2
15531,491348,12/7/2022,quarta-feira,11:45:00,SP,116.0,11.0,QUELUZ,Chuva,Colisão traseira,Com Vítimas Feridas,Pleno dia,Decrescente,Chuva,Dupla,Curva,Não,2,0,1,0,1,0,1,2,-22.54158257,-44.79682894,SPRF-SP,DEL08-SP,UOP02-DEL08-SP,07/12/2022 12:00:00,1.7,25.8,29.3,73.0,66.0,3.9,1.0,19.5
15536,491365,12/7/2022,quarta-feira,16:20:00,ES,101.0,225.0,IBIRACU,Chuva,Colisão frontal,Com Vítimas Feridas,Pleno dia,Crescente,Chuva,Simples,Reta,Não,3,0,0,1,2,0,1,2,-19.89290688,-40.41230369,SPRF-ES,DEL02-ES,UOP01-DEL02-ES,07/12/2022 16:00:00,1.5,23.8,28.0,94.0,92.0,8.2,1.0,22.3
15543,491404,12/7/2022,quarta-feira,16:30:00,RJ,116.0,286.0,BARRA MANSA,Chuva,Tombamento,Sem Vítimas,Anoitecer,Decrescente,Chuva,Dupla,Reta,Não,1,0,0,0,1,0,0,1,-22.49846046,-44.23342487,SPRF-RJ,DEL07-RJ,UOP02-DEL07-RJ,07/12/2022 17:00:00,5.0,23.6,26.7,86.0,82.0,9.3,1.0,19.5
15739,492390,12/2/2022,sexta-feira,18:25:00,SC,153.0,92.0,CONCORDIA,Chuva,Colisão lateral sentido oposto,Com Vítimas Feridas,Anoitecer,Crescente,Chuva,Simples,Curva,Não,2,0,1,0,1,0,1,2,-27.185669,-51.931538,SPRF-SC,DEL07-SC,UOP04-DEL07-SC,02/12/2022 18:00:00,0.0,23.4,26.8,83.0,33.0,4.3,1.0,16.8
15793,492585,12/13/2022,terça-feira,13:00:00,MG,50.0,194.0,DELTA,Chuva,Tombamento,Com Vítimas Feridas,Pleno dia,Crescente,Chuva,Dupla,Reta,Não,1,0,1,0,0,0,1,1,-19.887439,-47.848374,SPRF-MG,DEL13-MG,UOP01-DEL13-MG,13/12/2022 13:00:00,0.9,25.1,27.3,77.0,87.0,14.1,1.0,19.2
15821,492696,12/13/2022,terça-feira,23:40:00,RJ,101.0,180.0,RIO DAS OSTRAS,Chuva,Colisão frontal,Com Vítimas Feridas,Plena Noite,Decrescente,Chuva,Simples,Curva,Não,4,0,3,0,1,0,3,2,-22.40868134,-41.99838761,SPRF-RJ,DEL08-RJ,UOP04-DEL08-RJ,14/12/2022 00:00:00,0.1,21.8,22.7,89.0,100.0,20.2,0.0,21.7
15843,492772,12/14/2022,quarta-feira,14:30:00,MT,364.0,393.0,CUIABA,Chuva,Saída de leito carroçável,Com Vítimas Feridas,Pleno dia,Crescente,Chuva,Dupla,Reta,Sim,1,0,1,0,0,0,1,1,-15.666208,-55.960681,SPRF-MT,DEL01-MT,UOP02-DEL01-MT,14/12/2022 15:00:00,0.0,32.7,38.2,54.0,49.0,1.5,1.0,23.2
15957,493138,12/16/2022,sexta-feira,12:32:00,DF,20.0,10.0,BRASILIA,Chuva,Saída de leito carroçável,Com Vítimas Feridas,Pleno dia,Decrescente,Chuva,Dupla,Não Informado,Sim,1,0,1,0,0,0,1,1,-15.650243,-47.773872,SPRF-DF,DEL02-DF,UOP01-DEL02-DF,16/12/2022 13:00:00,1.0,21.7,23.0,84.0,100.0,13.8,1.0,17.5
16048,493491,12/17/2022,sábado,17:10:00,ES,101.0,17.0,PEDRO CANARIO,Chuva,Eventos atípicos,Sem Vítimas,Pleno dia,Crescente,Chuva,Dupla,Não Informado,Não,1,0,0,0,1,0,0,1,-18.30705804,-39.95727392,SPRF-ES,DEL04-ES,UOP02-DEL04-ES,17/12/2022 17:00:00,5.1,24.8,30.6,95.0,100.0,1.8,1.0,21.7
16095,493777,12/18/2022,domingo,21:00:00,BA,30.0,289.0,CAETITE,Chuva,Colisão frontal,Com Vítimas Feridas,Pleno dia,Crescente,Chuva,Simples,Reta,Não,2,0,1,0,1,0,1,2,-14.1527,-42.3239,SPRF-BA,DEL08-BA,UOP01-DEL08-BA,18/12/2022 21:00:00,1.0,22.4,26.0,93.0,73.0,5.7,0.0,18.0
16108,493839,12/19/2022,segunda-feira,11:50:00,SP,116.0,545.0,BARRA DO TURVO,Chuva,Tombamento,Com Vítimas Feridas,Pleno dia,Decrescente,Chuva,Dupla,Desvio Temporário,Não,1,0,1,0,0,0,1,1,-24.96489519,-48.42636108,SPRF-SP,DEL05-SP,UOP02-DEL05-SP,19/12/2022 12:00:00,0.5,18.8,20.2,90.0,100.0,8.3,1.0,20.7
16159,494066,12/20/2022,terça-feira,19:15:00,SC,101.0,219.0,PALHOCA,Chuva,Colisão lateral mesmo sentido,Com Vítimas Feridas,Plena Noite,Crescente,Chuva,Dupla,Reta,Não,2,0,1,0,1,0,1,2,-27.68392194,-48.66710085,SPRF-SC,DEL01-SC,UOP02-DEL01-SC,20/12/2022 19:00:00,0.1,20.8,22.6,80.0,70.0,5.1,1.0,19.4
16258,494416,11/28/2022,segunda-feira,19:00:00,PR,376.0,669.0,GUARATUBA,Chuva,Eventos atípicos,Com Vítimas Fatais,Plena Noite,Crescente,Chuva,Dupla,Reta,Não,16,2,11,0,1,2,11,10,-25.86958174,-48.93464712,SPRF-PR,DEL01-PR,UOP04-DEL01-PR,28/11/2022 19:00:00,6.0,17.8,18.4,99.0,100.0,14.4,0.0,20.7
16288,494543,12/22/2022,quinta-feira,21:00:00,MT,163.0,843.0,SINOP,Chuva,Colisão traseira,Com Vítimas Feridas,Plena Noite,Crescente,Chuva,Simples,Reta,Sim,2,0,1,0,1,0,1,2,-11.783933,-55.475113,SPRF-MT,DEL06-MT,UOP02-DEL06-MT,22/12/2022 21:00:00,0.1,23.4,27.6,90.0,100.0,3.5,0.0,22.5
16305,494597,12/23/2022,sexta-feira,3:40:00,GO,153.0,354.0,JARAGUA,Chuva,Colisão frontal,Com Vítimas Feridas,Plena Noite,Decrescente,Chuva,Simples,Não Informado,Não,3,0,0,2,1,0,2,2,-15.699119,-49.334465,SPRF-GO,DEL02-GO,UOP02-DEL02-GO,23/12/2022 04:00:00,0.0,19.4,22.1,96.0,38.0,4.0,0.0,20.0
16355,494801,12/23/2022,sexta-feira,16:40:00,BA,101.0,691.0,EUNAPOLIS,Chuva,Colisão traseira,Com Vítimas Feridas,Pleno dia,Decrescente,Chuva,Simples,Reta,Não,7,0,1,1,5,0,2,3,-16.34155297,-39.58085475,SPRF-BA,DEL09-BA,UOP01-DEL09-BA,23/12/2022 17:00:00,0.5,22.7,25.7,92.0,100.0,11.2,1.0,21.7
16425,495201,12/24/2022,sábado,18:40:00,MG,40.0,633.4,CONSELHEIRO LAFAIETE,Chuva,Colisão lateral mesmo sentido,Com Vítimas Feridas,Plena Noite,Decrescente,Chuva,Simples,Não Informado,Sim,2,0,1,0,1,0,1,2,-20.68168197,-43.79419779,SPRF-MG,DEL05-MG,UOP02-DEL05-MG,24/12/2022 19:00:00,0.0,18.9,19.0,88.0,77.0,15.8,0.0,17.2
16457,495405,12/26/2022,segunda-feira,12:30:00,MG,262.0,568.6,CORREGO DANTA,Chuva,Saída de leito carroçável,Com Vítimas Feridas,Pleno dia,Decrescente,Chuva,Simples,Curva,Não,1,0,1,0,0,0,1,1,-19.74101123,-46.00623126,SPRF-MG,DEL08-MG,UOP02-DEL08-MG,26/12/2022 13:00:00,0.9,18.9,20.4,95.0,100.0,9.9,1.0,19.4
16493,495537,12/27/2022,terça-feira,2:18:00,ES,101.0,275.0,SERRA,Chuva,Tombamento,Com Vítimas Feridas,Plena Noite,Decrescente,Céu Claro,Dupla,Reta,Não,1,0,1,0,0,0,1,1,-20.20828089,-40.30388897,SPRF-ES,DEL02-ES,UOP01-DEL02-ES,27/12/2022 02:00:00,0.0,23.0,26.8,91.0,88.0,5.2,0.0,22.3
16586,495943,12/29/2022,quinta-feira,1:40:00,RO,364.0,83.0,VILHENA,Chuva,Saída de leito carroçável,Com Vítimas Feridas,Plena Noite,Crescente,Chuva,Dupla,Reta,Não,5,0,2,1,2,0,3,1,-12.34268495,-60.63354492,SPRF-RO,DEL04-RO,UOP01-DEL04-RO,29/12/2022 02:00:00,1.0,22.2,26.3,100.0,53.0,6.2,0.0,23.2
16624,496166,12/30/2022,sexta-feira,6:00:00,GO,153.0,628.0,MORRINHOS,Chuva,Tombamento,Sem Vítimas,Pleno dia,Decrescente,Chuva,Dupla,Reta,Não,1,0,0,0,1,0,0,1,-17.7843,-49.1865,SPRF-GO,DEL03-GO,UOP01-DEL03-GO,30/12/2022 06:00:00,0.1,19.4,22.4,98.0,75.0,3.2,1.0,19.6
16745,499689,1/7/2022,sexta-feira,14:31:00,RJ,101.0,61.0,CAMPOS DOS GOYTACAZES,Chuva,Colisão traseira,Com Vítimas Feridas,Pleno dia,Decrescente,Chuva,Simples,Reta,Sim,2,0,1,0,1,0,1,2,-21.72655788,-41.32133519,SPRF-RJ,DEL08-RJ,UOP01-DEL08-RJ,07/01/2022 15:00:00,1.1,26.5,31.7,89.0,100.0,8.6,1.0,22.1
16768,500838,12/30/2022,sexta-feira,17:40:00,PA,163.0,372.0,NOVO PROGRESSO,Chuva,Colisão lateral sentido oposto,Com Vítimas Feridas,Anoitecer,Decrescente,Chuva,Simples,Não Informado,Não,5,0,1,3,1,0,4,2,-6.53896398,-55.53101227,SPRF-PA,DEL05-PA,UOP01-DEL05-PA,30/12/2022 18:00:00,2.0,24.5,29.8,93.0,84.0,2.1,1.0,26.2
16770,501022,12/27/2022,terça-feira,9:50:00,PA,163.0,622.0,TRAIRAO,Chuva,Tombamento,Com Vítimas Feridas,Pleno dia,Crescente,Chuva,Simples,Curva,Não,1,0,1,0,0,0,1,1,-4.71904094,-56.01445115,SPRF-PA,DEL05-PA,UOP01-DEL05-PA,27/12/2022 10:00:00,3.7,23.3,28.6,100.0,100.0,2.9,1.0,26.2
16778,501443,10/26/2022,quarta-feira,5:20:00,BA,101.0,18.2,RIO REAL,Chuva,Saída de leito carroçável,Com Vítimas Feridas,Amanhecer,Decrescente,Chuva,Múltipla,Não Informado,Não,1,0,1,0,0,0,1,1,-11.68441447,-37.90266037,SPRF-SE,DEL02-SE,UOP03-DEL02-SE,26/10/2022 05:00:00,0.0,23.0,27.1,93.0,58.0,4.7,0.0,22.6
17027,405198,1/1/2022,sábado,5:40:00,MG,262.0,516.0,LUZ,Chuva,Saída de leito carroçável,Com Vítimas Feridas,Plena Noite,Decrescente,Chuva,Simples,Reta,Não,3,0,1,1,1,0,2,1,-19.78775004,-45.58207899,SPRF-MG,DEL08-MG,UOP03-DEL08-MG,01/01/2022 06:00:00,0.8,19.4,21.7,94.0,100.0,5.8,1.0,19.4
17047,405224,1/1/2022,sábado,10:00:00,GO,60.0,213.0,VARJAO,Chuva,Saída de leito carroçável,Com Vítimas Feridas,Pleno dia,Crescente,Chuva,Dupla,Reta,Não,4,0,1,0,3,0,1,1,-16.9529,-49.6924,SPRF-GO,DEL01-GO,UOP02-DEL01-GO,01/01/2022 10:00:00,0.1,23.8,26.5,86.0,100.0,13.1,1.0,20.1
17061,405241,1/1/2022,sábado,8:30:00,MG,40.0,550.3,NOVA LIMA,Chuva,Saída de leito carroçável,Com Vítimas Feridas,Pleno dia,Decrescente,Chuva,Dupla,Reta,Sim,2,0,1,0,1,0,1,1,-20.0477638,-43.96439441,SPRF-MG,DEL01-MG,UOP02-DEL01-MG,01/01/2022 09:00:00,0.1,18.0,19.6,90.0,100.0,3.8,1.0,18.2
17075,405263,1/1/2022,sábado,15:20:00,SP,381.0,75.0,SAO PAULO,Chuva,Capotamento,Com Vítimas Feridas,Pleno dia,Crescente,Chuva,Dupla,Não Informado,Não,5,0,5,0,0,0,5,1,-23.37660089,-46.56409613,SPRF-SP,DEL03-SP,UOP01-DEL03-SP,01/01/2022 15:00:00,3.3,22.7,24.4,74.0,98.0,7.8,1.0,17.7
17085,405276,1/1/2022,sábado,15:50:00,RJ,40.0,43.2,AREAL,Chuva,Colisão com objeto,Com Vítimas Feridas,Pleno dia,Decrescente,Chuva,Dupla,Curva,Não,5,0,1,0,4,0,1,1,-22.265139,-43.108506,SPRF-RJ,DEL06-RJ,UOP01-DEL06-RJ,01/01/2022 16:00:00,1.8,23.0,26.9,92.0,83.0,5.6,1.0,19.2
17086,405277,1/1/2022,sábado,16:45:00,RJ,40.0,84.0,PETROPOLIS,Chuva,Capotamento,Com Vítimas Feridas,Pleno dia,Crescente,Chuva,Simples,Não Informado,Não,2,0,1,0,1,0,1,1,-22.52145512,-43.23707996,SPRF-RJ,DEL06-RJ,UOP02-DEL06-RJ,01/01/2022 17:00:00,0.5,23.6,26.9,82.0,56.0,5.4,1.0,19.2
17094,405289,1/1/2022,sábado,18:45:00,MG,40.0,508.2,RIBEIRAO DAS NEVES,Chuva,Saída de leito carroçável,Com Vítimas Feridas,Plena Noite,Decrescente,Chuva,Dupla,Curva,Sim,1,0,1,0,0,0,1,1,-19.76061249,-44.1347544,SPRF-MG,DEL02-MG,UOP01-DEL02-MG,01/01/2022 19:00:00,1.8,20.5,23.2,92.0,91.0,4.9,0.0,18.2
17115,405321,1/2/2022,domingo,0:55:00,MG,381.0,569.0,ITAGUARA,Chuva,Saída de leito carroçável,Sem Vítimas,Plena Noite,Decrescente,Chuva,Dupla,Reta,Não,1,0,0,0,1,0,0,1,-20.43178144,-44.55193736,SPRF-MG,DEL04-MG,UOP03-DEL04-MG,02/01/2022 01:00:00,0.9,19.3,21.7,97.0,90.0,5.9,0.0,18.8
17136,405353,1/2/2022,domingo,6:40:00,MG,40.0,582.5,ITABIRITO,Chuva,Capotamento,Sem Vítimas,Amanhecer,Decrescente,Chuva,Simples,Reta,Não,1,0,0,0,1,0,0,1,-20.31049595,-43.93484962,SPRF-MG,DEL01-MG,UOP02-DEL01-MG,02/01/2022 07:00:00,1.5,17.5,18.8,95.0,100.0,6.9,1.0,18.2
17157,405383,1/2/2022,domingo,9:25:00,GO,414.0,331.0,COCALZINHO DE GOIAS,Chuva,Colisão transversal,Com Vítimas Feridas,Pleno dia,Decrescente,Chuva,Simples,Curva,Não,3,0,3,0,0,0,3,2,-15.580993,-48.628662,SPRF-GO,DEL02-GO,UOP01-DEL02-GO,02/01/2022 09:00:00,0.1,21.3,23.5,90.0,100.0,9.8,1.0,20.0
17158,405385,1/2/2022,domingo,10:05:00,GO,414.0,382.0,CORUMBA DE GOIAS,Chuva,Capotamento,Com Vítimas Feridas,Pleno dia,Crescente,Chuva,Simples,Curva,Não,4,0,3,1,0,0,4,1,-15.85437896,-48.76562309,SPRF-GO,DEL02-GO,UOP01-DEL02-GO,02/01/2022 10:00:00,0.2,21.2,23.1,87.0,100.0,10.0,1.0,20.0
17160,405388,1/2/2022,domingo,10:10:00,RJ,116.0,24.0,SAPUCAIA,Chuva,Capotamento,Com Vítimas Feridas,Pleno dia,Decrescente,Chuva,Simples,Curva,Não,3,0,3,0,0,0,3,1,-22.03064831,-42.77714236,SPRF-RJ,DEL04-RJ,UOP01-DEL04-RJ,02/01/2022 10:00:00,0.5,23.4,27.0,79.0,88.0,0.0,1.0,19.2
17165,405400,1/2/2022,domingo,9:45:00,MG,381.0,686.6,LAVRAS,Chuva,Saída de leito carroçável,Com Vítimas Feridas,Pleno dia,Decrescente,Garoa/Chuvisco,Dupla,Curva,Não,1,0,1,0,0,0,1,1,-21.17681,-45.124762,SPRF-MG,DEL04-MG,UOP02-DEL04-MG,02/01/2022 10:00:00,0.0,23.3,25.6,78.0,100.0,7.6,1.0,18.2
17205,405459,1/2/2022,domingo,15:55:00,PR,116.0,46.7,CAMPINA GRANDE DO SUL,Chuva,Colisão com objeto,Com Vítimas Feridas,Pleno dia,Crescente,Chuva,Dupla,Reta,Não,3,0,2,0,1,0,2,1,-25.20185401,-48.8962139,SPRF-PR,DEL01-PR,UOP02-DEL01-PR,02/01/2022 16:00:00,1.2,25.1,29.0,78.0,36.0,3.6,1.0,16.2
17229,405491,1/2/2022,domingo,17:00:00,MG,381.0,849.8,POUSO ALEGRE,Chuva,Colisão com objeto,Com Vítimas Feridas,Pleno dia,Crescente,Chuva,Dupla,Reta,Não,2,0,1,1,0,0,2,1,-22.26991499,-45.89241402,SPRF-MG,DEL16-MG,UOP01-DEL16-MG,02/01/2022 17:00:00,0.4,23.4,25.7,72.0,85.0,5.2,1.0,18.5
17248,405521,1/2/2022,domingo,20:53:00,MG,40.0,506.0,RIBEIRAO DAS NEVES,Chuva,Atropelamento de Pedestre,Com Vítimas Feridas,Plena Noite,Decrescente,Chuva,Dupla,Reta,Sim,2,0,1,1,0,0,2,1,-19.74716686,-44.14731173,SPRF-MG,DEL02-MG,UOP01-DEL02-MG,02/01/2022 21:00:00,0.1,20.3,22.1,88.0,94.0,8.9,0.0,18.2
17254,405529,1/2/2022,domingo,19:00:00,GO,50.0,151.9,CAMPO ALEGRE DE GOIAS,Chuva,Saída de leito carroçável,Com Vítimas Feridas,Anoitecer,Crescente,Chuva,Dupla,Reta,Não,3,0,2,0,1,0,2,1,-17.1825,-47.7291,SPRF-GO,DEL06-GO,UOP01-DEL06-GO,02/01/2022 19:00:00,0.4,21.6,24.3,86.0,100.0,5.4,0.0,19.6
17299,405591,1/3/2022,segunda-feira,4:20:00,MG,381.0,484.7,BETIM,Chuva,Saída de leito carroçável,Sem Vítimas,Plena Noite,Decrescente,Garoa/Chuvisco,Múltipla,Reta,Sim,1,0,0,0,0,1,0,1,-19.95531717,-44.11722196,SPRF-MG,DEL01-MG,UOP03-DEL01-MG,03/01/2022 04:00:00,0.8,19.0,21.2,95.0,61.0,5.4,0.0,18.2
17303,405597,1/3/2022,segunda-feira,6:30:00,SC,282.0,305.0,VARGEM,Chuva,Colisão com objeto,Com Vítimas Feridas,Amanhecer,Crescente,Chuva,Simples,Curva,Não,3,0,1,0,2,0,1,1,-27.500679,-50.949047,SPRF-SC,DEL07-SC,UOP06-DEL07-SC,03/01/2022 07:00:00,0.6,20.6,23.3,93.0,100.0,6.6,1.0,14.9
17307,405603,1/3/2022,segunda-feira,8:30:00,GO,20.0,81.0,FORMOSA,Chuva,Saída de leito carroçável,Com Vítimas Feridas,Pleno dia,Decrescente,Chuva,Simples,Reta,Não,3,0,3,0,0,0,3,1,-15.083676,-47.098251,SPRF-DF,DEL02-DF,UOP01-DEL02-DF,03/01/2022 09:00:00,0.2,24.0,27.7,81.0,36.0,3.1,1.0,18.9
17312,405615,1/3/2022,segunda-feira,7:30:00,MG,381.0,732.3,CARMO DA CACHOEIRA,Chuva,Saída de leito carroçável,Com Vítimas Feridas,Pleno dia,Decrescente,Garoa/Chuvisco,Dupla,Curva,Não,4,0,1,0,3,0,1,1,-21.521607,-45.223398,SPRF-MG,DEL16-MG,UOP02-DEL16-MG,03/01/2022 08:00:00,0.2,19.8,21.1,97.0,100.0,14.7,1.0,18.2
17332,405652,1/3/2022,segunda-feira,8:00:00,PR,277.0,681.0,SAO MIGUEL DO IGUACU,Chuva,Saída de leito carroçável,Com Vítimas Feridas,Pleno dia,Decrescente,Chuva,Dupla,Desvio Temporário,Não,2,0,1,0,1,0,1,1,-25.32705338,-54.17332888,SPRF-PR,DEL05-PR,UOP01-DEL05-PR,03/01/2022 08:00:00,0.0,27.8,30.5,62.0,80.0,7.5,1.0,19.8
17384,405741,1/3/2022,segunda-feira,9:20:00,MG,251.0,518.0,MONTES CLAROS,Chuva,Colisão com objeto,Com Vítimas Feridas,Pleno dia,Crescente,Chuva,Simples,Ponte,Não,4,0,1,0,3,0,1,1,-16.66257909,-43.76892799,SPRF-MG,DEL12-MG,UOP01-DEL12-MG,03/01/2022 09:00:00,0.2,23.8,26.9,83.0,100.0,7.4,1.0,19.7
17399,405769,1/3/2022,segunda-feira,16:25:00,PR,277.0,227.4,FERNANDES PINHEIRO,Chuva,Colisão lateral sentido oposto,Com Vítimas Feridas,Pleno dia,Decrescente,Chuva,Simples,Reta,Não,7,0,5,0,2,0,5,2,-25.45403313,-50.44256003,SPRF-PR,DEL03-PR,UOP03-DEL03-PR,03/01/2022 16:00:00,0.0,30.4,31.4,41.0,50.0,9.0,1.0,16.1
17415,405789,1/3/2022,segunda-feira,18:30:00,SP,116.0,64.8,GUARATINGUETA,Chuva,Saída de leito carroçável,Com Vítimas Feridas,Anoitecer,Decrescente,Chuva,Dupla,Não Informado,Não,1,0,1,0,0,0,1,1,-22.823273,-45.192806,SPRF-SP,DEL08-SP,UOP01-DEL08-SP,03/01/2022 19:00:00,0.0,23.8,27.8,87.0,67.0,4.3,0.0,17.6
17418,405793,1/3/2022,segunda-feira,18:00:00,MG,40.0,260.0,SAO GONCALO DO ABAETE,Chuva,Colisão com objeto,Com Vítimas Feridas,Pleno dia,Decrescente,Chuva,Simples,Reta,Não,2,0,1,0,1,0,1,1,-18.13859161,-45.35402196,SPRF-MG,DEL14-MG,UOP02-DEL14-MG,03/01/2022 18:00:00,0.2,25.0,27.9,74.0,48.0,6.0,1.0,20.1