,id,data_inversa,dia_semana,horario,uf,br,km,municipio,causa_acidente,tipo_acidente,classificacao_acidente,fase_dia,sentido_via,condicao_metereologica,tipo_pista,tracado_via,uso_solo,pessoas,mortos,feridos_leves,feridos_graves,ilesos,ignorados,feridos,veiculos,latitude,longitude,regional,delegacia,uop,rounded_datetime,rain,temperature_2m,apparent_temperature,relativehumidity_2m,cloudcover,windspeed_10m,is_day,mean_temperature
33389,449989,5/15/2022,domingo,9:00:00,SP,381.0,54.0,MAIRIPORA,Chuva,Capotamento,Sem Vítimas,Pleno dia,Decrescente,Garoa/Chuvisco,Múltipla,Curva,Sim,4,0,0,0,4,0,0,1,-23.2449074,-46.59562343,SPRF-SP,DEL03-SP,UOP01-DEL03-SP,15/05/2022 09:00:00,1.0,18.0,18.2,87.0,29.0,12.3,1.0,17.7
33406,450015,5/15/2022,domingo,11:40:00,BA,101.0,535.0,SAO JOSE DA VITORIA,Chuva,Saída de leito carroçável,Com Vítimas Feridas,Pleno dia,Decrescente,Chuva,Simples,Não Informado,Não,1,0,1,0,0,0,1,1,-15.10695908,-39.36763389,SPRF-BA,DEL05-BA,UOP01-DEL05-BA,15/05/2022 12:00:00,1.4,23.8,27.1,85.0,100.0,7.7,1.0,18.6
33412,450023,5/3/2022,terça-feira,11:35:00,PR,467.0,108.0,CASCAVEL,Chuva,Colisão transversal,Com Vítimas Feridas,Pleno dia,Decrescente,Garoa/Chuvisco,Dupla,Reta,Sim,2,0,0,1,1,0,1,2,-24.926173,-53.4590783,SPRF-PR,DEL04-PR,UOP01-DEL04-PR,03/05/2022 12:00:00,4.0,17.8,18.7,99.0,100.0,12.3,1.0,19.8
33435,450056,5/15/2022,domingo,15:00:00,RJ,101.0,196.0,CASIMIRO DE ABREU,Chuva,Colisão com objeto,Com Vítimas Feridas,Pleno dia,Crescente,Chuva,Dupla,Curva,Não,1,0,1,0,0,0,1,1,-22.49207101,-42.10926701,SPRF-RJ,DEL08-RJ,UOP04-DEL08-RJ,15/05/2022 15:00:00,1.0,23.9,25.7,72.0,77.0,9.5,1.0,21.7
33450,450076,5/15/2022,domingo,12:00:00,MG,381.0,671.3,PERDOES,Chuva,Saída de leito carroçável,Sem Vítimas,Pleno dia,Crescente,Chuva,Dupla,Não Informado,Não,1,0,0,0,0,1,0,1,-21.0667766,-45.0523138,SPRF-MG,DEL04-MG,UOP02-DEL04-MG,15/05/2022 12:00:00,0.8,17.4,17.2,89.0,94.0,14.3,1.0,18.2
33480,450109,5/15/2022,domingo,10:50:00,RS,293.0,50.0,CERRITO,Chuva,Tombamento,Com Vítimas Feridas,Pleno dia,Crescente,Chuva,Simples,Reta,Não,2,0,2,0,0,0,2,1,-31.7310051,-52.82657602,SPRF-RS,DEL07-RS,UOP01-DEL07-RS,15/05/2022 11:00:00,0.1,14.9,13.3,91.0,100.0,18.1,1.0,17.0
33538,450192,5/16/2022,segunda-feira,7:45:00,MG,381.0,743.8,TRES CORACOES,Chuva,Atropelamento de Pedestre,Com Vítimas Feridas,Pleno dia,Decrescente,Chuva,Dupla,Curva,Não,5,0,1,1,3,0,2,2,-21.62606989,-45.26880608,SPRF-MG,DEL16-MG,UOP02-DEL16-MG,16/05/2022 08:00:00,0.1,17.0,17.2,94.0,48.0,12.6,1.0,18.2
33742,450506,5/17/2022,terça-feira,18:11:00,PA,316.0,43.8,SANTA IZABEL DO PARA,Chuva,Saída de leito carroçável,Com Vítimas Feridas,Pleno dia,Decrescente,Chuva,Dupla,Reta,Não,1,0,1,0,0,0,1,1,-1.27648404,-48.104951,SPRF-PA,DEL01-PA,UOP01-DEL01-PA,17/05/2022 18:00:00,0.0,27.6,32.0,76.0,86.0,7.8,1.0,25.4
33850,450681,5/19/2022,quinta-feira,9:39:00,PI,343.0,4.2,TERESINA,Chuva,Queda de ocupante de veículo,Com Vítimas Feridas,Pleno dia,Decrescente,Nublado,Múltipla,Interseção de vias,Sim,2,0,0,1,1,0,1,1,-5.0802362,-42.7870059,SPRF-PI,DEL01-PI,UOP01-DEL01-PI,19/05/2022 10:00:00,0.9,28.2,32.7,74.0,73.0,7.6,1.0,24.2
33964,450882,2/8/2022,terça-feira,13:45:00,MT,163.0,17.6,ITIQUIRA,Chuva,Colisão lateral sentido oposto,Com Vítimas Fatais,Pleno dia,Crescente,Chuva,Dupla,Reta,Não,3,1,1,0,1,0,1,2,-17.36979999,-54.75646867,SPRF-MT,DEL02-MT,UOP01-DEL02-MT,08/02/2022 14:00:00,0.2,27.7,31.3,67.0,69.0,4.6,1.0,23.2
33992,450931,5/20/2022,sexta-feira,14:13:00,PE,101.0,115.9,CABO DE SANTO AGOSTINHO,Chuva,Saída de leito carroçável,Com Vítimas Feridas,Pleno dia,Decrescente,Chuva,Dupla,Reta,Não,1,0,1,0,0,0,1,1,-8.345104,-35.146363,SPRF-PE,DEL01-PE,UOP03-DEL01-PE,20/05/2022 14:00:00,0.7,26.5,29.7,83.0,69.0,16.9,1.0,23.6
34194,451237,5/21/2022,sábado,21:00:00,PE,101.0,187.0,PALMARES,Chuva,Saída de leito carroçável,Com Vítimas Feridas,Plena Noite,Decrescente,Chuva,Dupla,Reta,Sim,2,0,1,1,0,0,2,1,-8.687353,-35.587844,SPRF-PE,DEL01-PE,UOP03-DEL01-PE,21/05/2022 21:00:00,0.2,22.5,26.4,96.0,100.0,6.9,0.0,24.0
34430,451580,5/23/2022,segunda-feira,15:20:00,PB,101.0,84.9,BAYEUX,Chuva,Queda de ocupante de veículo,Com Vítimas Feridas,Pleno dia,Decrescente,Chuva,Dupla,Reta,Sim,2,0,1,1,0,0,2,1,-7.13957906,-34.92312806,SPRF-PB,DEL01-PB,UOP01-DEL01-PB,23/05/2022 15:00:00,1.8,26.2,29.4,83.0,64.0,16.7,1.0,24.2
34457,451624,5/23/2022,segunda-feira,21:25:00,RN,101.0,109.0,PARNAMIRIM,Chuva,Colisão com objeto,Com Vítimas Feridas,Plena Noite,Crescente,Chuva,Múltipla,Reta,Sim,1,0,0,1,0,0,1,1,-5.937378,-35.26483,SPRF-RN,DEL01-RN,UOP01-DEL01-RN,23/05/2022 21:00:00,0.1,24.2,26.9,88.0,100.0,15.6,0.0,24.5
34480,451659,5/24/2022,terça-feira,5:36:00,PE,408.0,44.0,ALIANCA,Chuva,Colisão frontal,Com Vítimas Feridas,Pleno dia,Decrescente,Chuva,Simples,Reta,Não,3,0,0,1,2,0,1,2,-7.68111007,-35.25047308,SPRF-PE,DEL01-PE,UOP02-DEL01-PE,24/05/2022 06:00:00,0.0,22.6,25.6,91.0,81.0,9.1,1.0,23.6
34882,452272,5/27/2022,sexta-feira,10:20:00,PE,408.0,84.7,PAUDALHO,Chuva,Saída de leito carroçável,Sem Vítimas,Pleno dia,Decrescente,Garoa/Chuvisco,Dupla,Não Informado,Não,1,0,0,0,1,0,0,1,-7.953301,-35.104863,SPRF-PE,DEL01-PE,UOP01-DEL01-PE,27/05/2022 10:00:00,0.1,25.8,28.4,83.0,73.0,18.7,1.0,23.6
34947,452368,5/27/2022,sexta-feira,20:15:00,RS,116.0,243.0,SAO LEOPOLDO,Chuva,Colisão lateral mesmo sentido,Com Vítimas Feridas,Plena Noite,Crescente,Chuva,Dupla,Desvio Temporário,Sim,8,0,3,0,5,0,3,5,-29.73196199,-51.14952004,SPRF-RS,DEL01-RS,UOP02-DEL01-RS,27/05/2022 20:00:00,0.0,17.5,18.1,87.0,100.0,8.2,0.0,18.0
35007,452454,5/28/2022,sábado,7:15:00,PR,277.0,667.8,MEDIANEIRA,Chuva,Colisão traseira,Com Vítimas Feridas,Amanhecer,Crescente,Chuva,Dupla,Reta,Sim,2,0,1,0,0,1,1,2,-25.26577498,-54.05432901,SPRF-PR,DEL05-PR,UOP02-DEL05-PR,28/05/2022 07:00:00,0.0,16.7,16.4,85.0,73.0,11.2,0.0,19.8
35018,452471,5/27/2022,sexta-feira,17:30:00,PE,232.0,71.0,GRAVATA,Chuva,Saída de leito carroçável,Sem Vítimas,Pleno dia,Decrescente,Chuva,Dupla,Reta,Não,1,0,0,0,1,0,0,1,-8.18344403,-35.49296599,SPRF-PE,DEL02-PE,UOP02-DEL02PE,27/05/2022 18:00:00,0.2,20.7,22.1,93.0,100.0,15.5,0.0,21.4
35023,452477,5/28/2022,sábado,10:10:00,RS,386.0,129.0,SARANDI,Chuva,Tombamento,Com Vítimas Feridas,Pleno dia,Decrescente,Chuva,Simples,Reta,Sim,1,0,1,0,0,0,1,1,-27.934816,-52.96,SPRF-RS,DEL08-RS,UOP01-DEL08-RS,28/05/2022 10:00:00,0.5,17.2,17.0,90.0,100.0,14.5,1.0,15.7
35025,452481,5/28/2022,sábado,7:30:00,SC,282.0,631.7,DESCANSO,Chuva,Saída de leito carroçável,Com Vítimas Feridas,Pleno dia,Decrescente,Chuva,Simples,Curva,Não,1,0,1,0,0,0,1,1,-26.82564097,-53.40376854,SPRF-SC,DEL07-SC,UOP03-DEL07-SC,28/05/2022 08:00:00,0.8,17.3,18.2,91.0,100.0,7.6,1.0,18.3
35187,452709,5/29/2022,domingo,10:50:00,SC,101.0,189.5,BIGUACU,Chuva,Saída de leito carroçável,Com Vítimas Feridas,Pleno dia,Crescente,Chuva,Dupla,Curva,Não,1,0,1,0,0,0,1,1,-27.459393,-48.638914,SPRF-SC,DEL01-SC,UOP01-DEL01-SC,29/05/2022 11:00:00,0.2,22.1,24.7,80.0,85.0,3.3,1.0,19.4
35189,452714,5/29/2022,domingo,11:20:00,SC,101.0,186.0,BIGUACU,Chuva,Saída de leito carroçável,Com Vítimas Feridas,Pleno dia,Crescente,Chuva,Dupla,Curva,Não,2,0,2,0,0,0,2,1,-27.4341098,-48.62567129,SPRF-SC,DEL01-SC,UOP01-DEL01-SC,29/05/2022 11:00:00,0.2,22.8,25.5,76.0,85.0,3.3,1.0,19.4
35192,452718,5/29/2022,domingo,12:00:00,SC,101.0,189.0,BIGUACU,Chuva,Saída de leito carroçável,Com Vítimas Feridas,Pleno dia,Crescente,Chuva,Dupla,Reta,Não,3,0,1,0,2,0,1,1,-27.459393,-48.638914,SPRF-SC,DEL01-SC,UOP01-DEL01-SC,29/05/2022 12:00:00,0.0,22.8,25.6,76.0,68.0,1.0,1.0,19.4
35229,452774,5/29/2022,domingo,19:15:00,ES,101.0,325.1,GUARAPARI,Chuva,Tombamento,Com Vítimas Feridas,Plena Noite,Crescente,Garoa/Chuvisco,Dupla,Reta,Não,1,0,1,0,0,0,1,1,-20.55491301,-40.48064614,SPRF-ES,DEL03-ES,UOP01-DEL03-ES,29/05/2022 19:00:00,0.1,22.9,25.4,86.0,84.0,11.2,0.0,22.3
35255,452806,5/29/2022,domingo,21:00:00,PR,116.0,97.0,SAO JOSE DOS PINHAIS,Chuva,Saída de leito carroçável,Sem Vítimas,Plena Noite,Decrescente,Chuva,Múltipla,Reta,Não,1,0,0,0,0,1,0,1,-25.51232495,-49.12871007,SPRF-PR,DEL01-PR,UOP01-DEL01-PR,29/05/2022 21:00:00,1.4,17.2,17.3,88.0,100.0,10.8,0.0,16.2
35265,452819,5/29/2022,domingo,21:20:00,SE,101.0,99.6,SAO CRISTOVAO,Chuva,Capotamento,Com Vítimas Feridas,Plena Noite,Crescente,Chuva,Dupla,Reta,Não,2,0,2,0,0,0,2,1,-10.93360681,-37.18950023,SPRF-SE,DEL02-SE,UOP01-DEL02-SE,29/05/2022 21:00:00,0.3,23.8,25.4,92.0,78.0,23.7,0.0,23.8
35348,452936,5/30/2022,segunda-feira,12:50:00,PR,272.0,372.0,CAMPO MOURAO,Chuva,Capotamento,Com Vítimas Feridas,Pleno dia,Decrescente,Chuva,Simples,Não Informado,Não,2,0,2,0,0,0,2,1,-24.0701512,-52.44571299,SPRF-PR,DEL09-PR,UOP03-DEL09-PR,30/05/2022 13:00:00,0.6,19.6,22.0,94.0,100.0,4.7,1.0,19.8
35374,452975,5/6/2022,sexta-feira,23:15:00,AL,104.0,88.0,RIO LARGO,Chuva,Colisão traseira,Com Vítimas Feridas,Plena Noite,Decrescente,Chuva,Dupla,Curva,Sim,2,0,1,0,1,0,1,2,-9.48375193,-35.81815581,SPRF-AL,DEL01-AL,UOP01-DEL01-AL,06/05/2022 23:00:00,0.1,24.6,28.3,84.0,29.0,8.4,0.0,23.2
35423,453055,5/31/2022,terça-feira,6:20:00,MG,381.0,924.0,ITAPEVA,Chuva,Colisão com objeto,Com Vítimas Feridas,Amanhecer,Crescente,Chuva,Dupla,Curva,Não,2,0,1,0,1,0,1,1,-22.77050246,-46.23490598,SPRF-MG,DEL16-MG,UOP03-DEL16-MG,31/05/2022 06:00:00,0.0,15.4,16.8,95.0,96.0,0.8,0.0,17.7
35442,453084,5/31/2022,terça-feira,8:40:00,SP,116.0,303.0,SAO LOURENCO DA SERRA,Chuva,Saída de leito carroçável,Sem Vítimas,Pleno dia,Crescente,Chuva,Múltipla,Reta,Não,1,0,0,0,1,0,0,1,-23.82760675,-46.92631345,SPRF-SP,DEL04-SP,UOP01-DEL04-SP,31/05/2022 09:00:00,0.6,15.1,15.3,98.0,100.0,9.8,1.0,17.7
35445,453089,5/31/2022,terça-feira,8:50:00,PR,116.0,6.0,CAMPINA GRANDE DO SUL,Chuva,Saída de leito carroçável,Com Vítimas Feridas,Pleno dia,Crescente,Chuva,Dupla,Curva,Não,2,0,0,1,1,0,1,1,-25.08710459,-48.60776389,SPRF-PR,DEL01-PR,UOP02-DEL01-PR,31/05/2022 09:00:00,0.3,12.3,12.2,97.0,100.0,4.3,1.0,20.7
35453,453103,5/31/2022,terça-feira,11:30:00,SP,381.0,73.0,SAO PAULO,Chuva,Capotamento,Sem Vítimas,Pleno dia,Decrescente,Garoa/Chuvisco,Múltipla,Curva,Não,1,0,0,0,1,0,0,1,-23.36553404,-46.55253934,SPRF-SP,DEL03-SP,UOP01-DEL03-SP,31/05/2022 12:00:00,0.1,15.7,15.9,96.0,100.0,10.1,1.0,17.7
35465,453119,5/31/2022,terça-feira,13:13:00,SP,116.0,213.0,GUARULHOS,Chuva,Colisão lateral mesmo sentido,Com Vítimas Feridas,Pleno dia,Crescente,Chuva,Múltipla,Não Informado,Sim,2,0,1,0,0,1,1,2,-23.43971486,-46.43667806,SPRF-SP,DEL01-SP,UOP01-DEL01-SP,31/05/2022 13:00:00,0.4,17.1,17.6,95.0,100.0,11.4,1.0,17.7
35475,453135,5/31/2022,terça-feira,15:40:00,RJ,40.0,110.0,DUQUE DE CAXIAS,Chuva,Colisão traseira,Com Vítimas Feridas,Pleno dia,Crescente,Chuva,Múltipla,Reta,Sim,2,0,0,1,1,0,1,2,-22.68289906,-43.28549346,SPRF-RJ,DEL01-RJ,UOP01-DEL01-RJ,31/05/2022 16:00:00,0.1,23.0,24.4,80.0,100.0,15.4,1.0,19.2
35506,453178,5/31/2022,terça-feira,18:40:00,PB,230.0,173.3,CAMPINA GRANDE,Chuva,Colisão traseira,Com Vítimas Fatais,Plena Noite,Crescente,Chuva,Simples,Desvio Temporário,Não,9,1,1,3,1,3,4,2,-7.17959582,-36.00824833,SPRF-PB,DEL02-PB,UOP02-DEL02-PB,31/05/2022 19:00:00,0.0,20.7,23.0,95.0,100.0,10.8,0.0,21.4
35533,453224,6/1/2022,quarta-feira,5:30:00,PR,376.0,304.7,MAUA DA SERRA,Chuva,Colisão com objeto,Sem Vítimas,Amanhecer,Decrescente,Nevoeiro/Neblina,Dupla,Curva,Não,2,0,0,0,2,0,0,1,-23.932071,-51.131588,SPRF-PR,DEL07-PR,UOP02-DEL07-PR,01/06/2022 06:00:00,0.0,13.9,14.2,99.0,100.0,6.0,0.0,19.1
35544,453243,6/1/2022,quarta-feira,7:42:00,CE,116.0,4.0,FORTALEZA,Chuva,Tombamento,Com Vítimas Feridas,Pleno dia,Decrescente,Garoa/Chuvisco,Múltipla,Reta,Não,2,0,2,0,0,0,2,1,-3.78694362,-38.51104975,SPRF-CE,DEL01-CE,UOP02-DEL01-CE,01/06/2022 08:00:00,0.3,25.3,30.0,88.0,74.0,6.0,1.0,24.3
35594,453319,6/1/2022,quarta-feira,17:45:00,SC,282.0,2.5,FLORIANOPOLIS,Chuva,Queda de ocupante de veículo,Com Vítimas Feridas,Pleno dia,Decrescente,Chuva,Simples,Reta,Sim,1,0,1,0,0,0,1,1,-27.603289,-48.590416,SPRF-SC,DEL01-SC,UOP01-DEL01-SC,01/06/2022 18:00:00,1.5,14.5,14.5,90.0,100.0,6.0,0.0,19.4
35653,453415,6/2/2022,quinta-feira,7:40:00,PR,277.0,720.0,FOZ DO IGUACU,Chuva,Colisão lateral mesmo sentido,Com Vítimas Feridas,Amanhecer,Crescente,Chuva,Dupla,Reta,Sim,3,0,1,0,2,0,1,3,-25.48750984,-54.50317706,SPRF-PR,DEL05-PR,UOP03-DEL05-PR,02/06/2022 08:00:00,1.6,11.1,10.3,96.0,100.0,7.2,1.0,18.3
35691,453474,5/17/2022,terça-feira,7:00:00,MG,251.0,499.0,FRANCISCO SA,Chuva,Capotamento,Com Vítimas Feridas,Pleno dia,Crescente,Garoa/Chuvisco,Simples,Reta,Não,1,0,0,1,0,0,1,1,-16.66184841,-43.74378204,SPRF-MG,DEL12-MG,UOP01-DEL12-MG,17/05/2022 07:00:00,0.0,19.7,21.4,87.0,29.0,6.8,1.0,19.7
35692,453475,6/2/2022,quinta-feira,13:10:00,PR,277.0,682.9,SAO MIGUEL DO IGUACU,Chuva,Saída de leito carroçável,Com Vítimas Feridas,Pleno dia,Decrescente,Chuva,Dupla,Reta,Não,1,0,1,0,0,0,1,1,-25.32986789,-54.18272203,SPRF-PR,DEL05-PR,UOP01-DEL05-PR,02/06/2022 13:00:00,0.1,12.7,12.5,97.0,100.0,6.8,1.0,18.3
35791,453629,6/3/2022,sexta-feira,11:30:00,RJ,101.0,299.0,ITABORAI,Chuva,Colisão traseira,Sem Vítimas,Pleno dia,Crescente,Chuva,Dupla,Reta,Sim,2,0,0,0,2,0,0,2,-22.77432673,-42.93823207,SPRF-RJ,DEL02-RJ,UOP02-DEL02-RJ,03/06/2022 12:00:00,0.1,21.7,23.0,79.0,100.0,10.7,1.0,19.2
35794,453632,6/3/2022,sexta-feira,12:00:00,RJ,116.0,93.0,GUAPIMIRIM,Chuva,Colisão frontal,Com Vítimas Feridas,Pleno dia,Decrescente,Garoa/Chuvisco,Simples,Curva,Não,4,0,2,0,2,0,2,3,-22.46416302,-42.99215699,SPRF-RJ,DEL04-RJ,UOP01-DEL04-RJ,03/06/2022 12:00:00,0.2,17.2,18.1,89.0,100.0,6.4,1.0,19.2
35813,453661,6/3/2022,sexta-feira,12:10:00,PB,104.0,119.0,CAMPINA GRANDE,Chuva,Colisão com objeto,Com Vítimas Feridas,Pleno dia,Crescente,Chuva,Simples,Reta,Não,2,0,1,0,1,0,1,2,-7.20325615,-35.8752172,SPRF-PB,DEL02-PB,UOP04-DEL02-PB,03/06/2022 12:00:00,0.3,26.4,29.1,67.0,100.0,11.3,1.0,21.4
35829,453684,6/3/2022,sexta-feira,15:05:00,RJ,40.0,88.0,PETROPOLIS,Chuva,Capotamento,Com Vítimas Feridas,Pleno dia,Decrescente,Chuva,Dupla,Curva,Não,4,0,1,0,3,0,1,1,-22.55421014,-43.22779745,SPRF-RJ,DEL06-RJ,UOP02-DEL06-RJ,03/06/2022 15:00:00,0.1,20.4,22.0,84.0,100.0,7.8,1.0,19.2
35886,453770,6/3/2022,sexta-feira,22:30:00,SP,116.0,424.0,JUQUIA,Chuva,Saída de leito carroçável,Sem Vítimas,Plena Noite,Crescente,Chuva,Dupla,Reta,Não,1,0,0,0,1,0,0,1,-24.3736589,-47.70692922,SPRF-SP,DEL05-SP,UOP01-DEL05-SP,03/06/2022 23:00:00,0.2,15.7,16.7,100.0,94.0,6.4,0.0,17.7
35955,453873,6/4/2022,sábado,13:40:00,CE,222.0,155.0,IRAUCUBA,Chuva,Saída de leito carroçável,Com Vítimas Feridas,Pleno dia,Crescente,Chuva,Simples,Curva,Não,2,0,1,0,1,0,1,1,-3.73602738,-39.84136494,SPRF-CE,DEL04-CE,UOP03-DEL04-CE,04/06/2022 14:00:00,3.2,27.9,31.2,71.0,94.0,11.2,1.0,23.2
36090,454058,6/5/2022,domingo,9:05:00,SE,101.0,54.0,CARMOPOLIS,Chuva,Engavetamento,Com Vítimas Feridas,Pleno dia,Crescente,Chuva,Simples,Interseção de vias,Não,12,0,1,0,11,0,1,3,-10.6327616,-37.00324059,SPRF-SE,DEL02-SE,UOP02-DEL02-SE,05/06/2022 09:00:00,0.6,23.8,25.9,90.0,43.0,19.3,1.0,23.8
36206,454221,6/5/2022,domingo,19:00:00,PA,316.0,18.0,BENEVIDES,Chuva,Tombamento,Com Vítimas Feridas,Plena Noite,Decrescente,Garoa/Chuvisco,Simples,Não Informado,Sim,2,0,2,0,0,0,2,1,-1.36485638,-48.29643999,SPRF-PA,DEL01-PA,UOP01-DEL01-PA,05/06/2022 19:00:00,0.2,24.6,28.7,90.0,61.0,8.7,0.0,25.4
36224,454245,6/6/2022,segunda-feira,6:50:00,AL,424.0,103.7,MARECHAL DEODORO,Chuva,Colisão com objeto,Com Vítimas Fatais,Pleno dia,Decrescente,Chuva,Simples,Rotatória,Não,1,1,0,0,0,0,0,1,-9.67311078,-35.83848579,SPRF-AL,DEL02-AL,UOP01-DEL02-AL,06/06/2022 07:00:00,0.7,23.7,26.7,92.0,100.0,14.8,1.0,23.2
36255,454295,6/6/2022,segunda-feira,13:30:00,RS,158.0,160.5,PANAMBI,Chuva,Saída de leito carroçável,Com Vítimas Feridas,Pleno dia,Decrescente,Chuva,Simples,Reta,Não,1,0,1,0,0,0,1,1,-28.36064095,-53.50272345,SPRF-RS,DEL10-RS,UOP02-DEL10-RS,06/06/2022 14:00:00,3.4,17.3,18.5,95.0,100.0,7.4,1.0,17.1
36334,454407,6/7/2022,terça-feira,6:45:00,PR,277.0,2.3,PARANAGUA,Chuva,Tombamento,Com Vítimas Feridas,Amanhecer,Crescente,Chuva,Simples,Curva,Não,1,0,1,0,0,0,1,1,-25.535937,-48.555731,SPRF-PR,DEL01-PR,UOP05-DEL01-PR,07/06/2022 07:00:00,0.9,16.6,17.5,95.0,100.0,6.8,1.0,20.7
36429,454557,6/7/2022,terça-feira,18:00:00,SP,116.0,325.0,JUQUITIBA,Chuva,Colisão com objeto,Com Vítimas Feridas,Plena Noite,Crescente,Garoa/Chuvisco,Dupla,Reta,Não,1,0,1,0,0,0,1,1,-23.94085262,-47.05337099,SPRF-SP,DEL04-SP,UOP01-DEL04-SP,07/06/2022 18:00:00,0.7,17.6,19.7,100.0,100.0,4.4,0.0,17.7
36434,454564,6/7/2022,terça-feira,21:45:00,SP,116.0,559.0,BARRA DO TURVO,Chuva,Atropelamento de Pedestre,Sem Vítimas,Plena Noite,Crescente,Chuva,Dupla,Reta,Não,2,0,0,0,0,2,0,1,-25.01011465,-48.50785732,SPRF-SP,DEL05-SP,UOP02-DEL05-SP,07/06/2022 22:00:00,0.2,15.3,16.3,100.0,100.0,5.6,0.0,20.7
36504,454682,6/8/2022,quarta-feira,18:55:00,RJ,116.0,95.0,TERESOPOLIS,Chuva,Saída de leito carroçável,Com Vítimas Feridas,Plena Noite,Decrescente,Chuva,Múltipla,Curva,Não,1,0,1,0,0,0,1,1,-22.48892651,-42.99911499,SPRF-RJ,DEL04-RJ,UOP01-DEL04-RJ,08/06/2022 19:00:00,0.0,18.8,20.8,93.0,66.0,5.1,0.0,19.2
36574,454817,6/9/2022,quinta-feira,6:30:00,GO,364.0,64.0,CACHOEIRA ALTA,Chuva,Saída de leito carroçável,Com Vítimas Feridas,Amanhecer,Crescente,Chuva,Simples,Reta,Não,2,0,2,0,0,0,2,1,-18.70048,-50.968304,SPRF-GO,DEL05-GO,UOP02-DEL05-GO,09/06/2022 07:00:00,1.9,18.7,20.7,93.0,86.0,4.7,1.0,20.8
36625,454893,6/9/2022,quinta-feira,19:25:00,SC,280.0,6.2,SAO FRANCISCO DO SUL,Chuva,Colisão lateral mesmo sentido,Com Vítimas Feridas,Plena Noite,Decrescente,Chuva,Simples,Reta,Sim,2,0,0,1,1,0,1,2,-26.26569095,-48.63361804,SPRF-SC,DEL03-SC,UOP03-DEL03-SC,09/06/2022 19:00:00,0.2,18.6,20.6,94.0,100.0,5.5,0.0,20.7
36630,454901,6/9/2022,quinta-feira,15:45:00,MG,50.0,203.4,DELTA,Chuva,Colisão com objeto,Com Vítimas Feridas,Pleno dia,Crescente,Garoa/Chuvisco,Dupla,Reta,Não,2,0,1,0,1,0,1,1,-19.92627147,-47.82191068,SPRF-MG,DEL13-MG,UOP01-DEL13-MG,09/06/2022 16:00:00,0.3,20.4,22.0,77.0,75.0,4.2,1.0,19.2
36680,454979,6/10/2022,sexta-feira,7:15:00,AL,316.0,263.0,SATUBA,Chuva,Saída de leito carroçável,Sem Vítimas,Pleno dia,Decrescente,Chuva,Simples,Curva,Não,1,0,0,0,1,0,0,1,-9.58758215,-35.878014,SPRF-AL,DEL02-AL,UOP01-DEL02-AL,10/06/2022 07:00:00,0.1,22.7,26.4,94.0,100.0,7.6,1.0,23.2
36687,454990,6/10/2022,sexta-feira,0:55:00,RJ,116.0,239.0,PIRAI,Chuva,Saída de leito carroçável,Sem Vítimas,Plena Noite,Decrescente,Chuva,Simples,Curva,Não,2,0,0,0,2,0,0,1,-22.65832258,-43.88969593,SPRF-RJ,DEL07-RJ,UOP01-DEL07-RJ,10/06/2022 01:00:00,1.0,18.1,20.4,99.0,100.0,4.4,0.0,19.2
36725,455052,6/10/2022,sexta-feira,17:00:00,RJ,101.0,540.0,PARATY,Chuva,Saída de leito carroçável,Com Vítimas Feridas,Anoitecer,Crescente,Chuva,Simples,Curva,Não,2,0,2,0,0,0,2,1,-23.054666,-44.59037997,SPRF-RJ,DEL03-RJ,UOP03-DEL03-RJ,10/06/2022 17:00:00,1.2,20.5,22.8,98.0,100.0,11.6,1.0,19.5
36776,455118,6/11/2022,sábado,1:35:00,SP,381.0,73.0,SAO PAULO,Chuva,Capotamento,Com Vítimas Feridas,Plena Noite,Decrescente,Chuva,Dupla,Curva,Não,2,0,1,0,1,0,1,1,-23.36553404,-46.55253934,SPRF-SP,DEL03-SP,UOP01-DEL03-SP,11/06/2022 02:00:00,0.0,13.2,13.0,97.0,100.0,6.8,0.0,17.7