,id,data_inversa,dia_semana,horario,uf,br,km,municipio,causa_acidente,tipo_acidente,classificacao_acidente,fase_dia,sentido_via,condicao_metereologica,tipo_pista,tracado_via,uso_solo,pessoas,mortos,feridos_leves,feridos_graves,ilesos,ignorados,feridos,veiculos,latitude,longitude,regional,delegacia,uop,rounded_datetime,rain,temperature_2m,apparent_temperature,relativehumidity_2m,cloudcover,windspeed_10m,is_day,mean_temperature
49151,473953,9/12/2022,segunda-feira,12:57:00,SP,116.0,394.9,MIRACATU,Chuva,Saída de leito carroçável,Com Vítimas Feridas,Pleno dia,Crescente,Chuva,Dupla,Curva,Não,2,0,1,1,0,0,2,1,-24.28717454,-47.45143994,SPRF-SP,DEL04-SP,UOP02-DEL04-SP,12/09/2022 13:00:00,0.0,21.4,22.2,71.0,100.0,8.7,1.0,17.7
49205,474059,9/12/2022,segunda-feira,22:30:00,SP,381.0,73.0,SAO PAULO,Chuva,Colisão com objeto,Com Vítimas Feridas,Plena Noite,Crescente,Chuva,Dupla,Desvio Temporário,Não,2,0,1,0,1,0,1,1,-23.36553404,-46.55253934,SPRF-SP,DEL03-SP,UOP01-DEL03-SP,12/09/2022 23:00:00,0.0,14.9,14.8,93.0,34.0,8.5,0.0,17.7
49208,474072,9/12/2022,segunda-feira,21:10:00,PR,376.0,535.0,PALMEIRA,Chuva,Saída de leito carroçável,Sem Vítimas,Plena Noite,Crescente,Chuva,Dupla,Reta,Não,1,0,0,0,1,0,0,1,-25.38045417,-49.80922117,SPRF-PR,DEL03-PR,UOP03-DEL03-PR,12/09/2022 21:00:00,1.6,13.0,12.8,98.0,76.0,7.4,0.0,16.2
49306,474240,9/13/2022,terça-feira,22:00:00,PR,376.0,598.0,CURITIBA,Chuva,Colisão lateral sentido oposto,Com Vítimas Feridas,Plena Noite,Decrescente,Chuva,Dupla,Reta,Sim,2,0,1,0,1,0,1,2,-25.5188802,-49.33506947,SPRF-PR,DEL01-PR,UAP06-DEL01-PR,13/09/2022 22:00:00,0.5,16.2,17.2,98.0,100.0,7.3,0.0,16.2
49364,474344,9/14/2022,quarta-feira,12:00:00,SP,381.0,76.0,SAO PAULO,Chuva,Colisão com objeto,Com Vítimas Feridas,Pleno dia,Crescente,Chuva,Dupla,Curva,Não,1,0,1,0,0,0,1,1,-23.38372401,-46.56502116,SPRF-SP,DEL03-SP,UOP01-DEL03-SP,14/09/2022 12:00:00,1.3,17.9,19.1,99.0,100.0,10.2,1.0,17.7
49449,474474,9/15/2022,quinta-feira,6:50:00,MG,40.0,768.4,JUIZ DE FORA,Chuva,Colisão frontal,Sem Vítimas,Amanhecer,Crescente,Chuva,Simples,Curva,Sim,2,0,0,0,2,0,0,2,-21.59924304,-43.4579108,SPRF-MG,DEL05-MG,UOP01-DEL05-MG,15/09/2022 07:00:00,0.1,17.4,18.2,92.0,100.0,8.2,1.0,17.7
49458,474488,9/15/2022,quinta-feira,5:40:00,RJ,40.0,91.0,PETROPOLIS,Chuva,Saída de leito carroçável,Com Vítimas Feridas,Amanhecer,Crescente,Chuva,Simples,Reta,Não,1,0,1,0,0,0,1,1,-22.54903566,-43.24229724,SPRF-RJ,DEL06-RJ,UOP02-DEL06-RJ,15/09/2022 06:00:00,0.3,16.6,18.1,98.0,100.0,4.7,1.0,19.2
49572,474670,9/16/2022,sexta-feira,6:28:00,RJ,101.0,313.0,SAO GONCALO,Chuva,Colisão traseira,Com Vítimas Feridas,Pleno dia,Crescente,Chuva,Dupla,Reta,Não,2,0,1,0,1,0,1,2,-22.81049093,-43.06983304,SPRF-RJ,DEL02-RJ,UOP02-DEL02-RJ,16/09/2022 06:00:00,1.4,18.0,20.0,97.0,100.0,5.1,1.0,19.2
49573,474671,9/16/2022,sexta-feira,6:40:00,SP,116.0,283.0,EMBU DAS ARTES,Chuva,Queda de ocupante de veículo,Com Vítimas Feridas,Pleno dia,Decrescente,Céu Claro,Dupla,Reta,Sim,1,0,1,0,0,0,1,1,-23.69297005,-46.86352786,SPRF-SP,DEL04-SP,UOP01-DEL04-SP,16/09/2022 07:00:00,0.3,13.1,11.4,95.0,100.0,16.3,1.0,17.7
49582,474681,9/16/2022,sexta-feira,9:00:00,RJ,101.0,68.1,CAMPOS DOS GOYTACAZES,Chuva,Queda de ocupante de veículo,Com Vítimas Feridas,Pleno dia,Decrescente,Chuva,Simples,Reta,Não,2,0,2,0,0,0,2,1,-21.77186768,-41.35705017,SPRF-RJ,DEL08-RJ,UOP02-DEL08-RJ,16/09/2022 09:00:00,0.2,19.5,20.6,92.0,100.0,12.3,1.0,22.1
49589,474696,9/16/2022,sexta-feira,5:00:00,MG,381.0,728.7,CARMO DA CACHOEIRA,Chuva,Colisão com objeto,Com Vítimas Feridas,Amanhecer,Crescente,Chuva,Dupla,Curva,Não,5,0,2,0,3,0,2,1,-21.50846497,-45.21540331,SPRF-MG,DEL04-MG,UOP02-DEL04-MG,16/09/2022 05:00:00,0.7,15.1,15.0,95.0,100.0,10.3,0.0,18.2
49596,474707,9/16/2022,sexta-feira,7:20:00,RJ,101.0,308.0,SAO GONCALO,Chuva,Colisão traseira,Com Vítimas Feridas,Pleno dia,Decrescente,Chuva,Dupla,Reta,Sim,3,0,1,0,2,0,1,2,-22.79309326,-43.02479595,SPRF-RJ,DEL02-RJ,UOP02-DEL02-RJ,16/09/2022 07:00:00,2.4,18.2,20.2,95.0,100.0,4.6,1.0,19.2
49609,474723,9/16/2022,sexta-feira,13:40:00,SP,381.0,86.0,SAO PAULO,Chuva,Colisão com objeto,Com Vítimas Feridas,Pleno dia,Decrescente,Chuva,Dupla,Reta,Sim,1,0,1,0,0,0,1,1,-23.45930499,-46.57161179,SPRF-SP,DEL03-SP,UOP01-DEL03-SP,16/09/2022 14:00:00,0.1,15.8,13.5,73.0,100.0,18.5,1.0,17.7
49637,474762,9/16/2022,sexta-feira,17:15:00,ES,101.0,311.0,VIANA,Chuva,Colisão com objeto,Com Vítimas Feridas,Anoitecer,Decrescente,Chuva,Dupla,Reta,Não,3,0,2,0,1,0,2,1,-20.43478198,-40.45963937,SPRF-ES,DEL01-ES,UOP01-DEL01-ES,16/09/2022 17:00:00,0.8,20.5,21.4,91.0,100.0,16.9,1.0,22.3
49710,474872,9/17/2022,sábado,2:00:00,RJ,101.0,268.0,RIO BONITO,Chuva,Queda de ocupante de veículo,Com Vítimas Feridas,Plena Noite,Decrescente,Chuva,Dupla,Reta,Não,2,0,2,0,0,0,2,1,-22.7112997,-42.66922613,SPRF-RJ,DEL02-RJ,UOP03-DEL02-RJ,17/09/2022 02:00:00,0.2,15.8,16.9,92.0,100.0,2.6,0.0,21.7
49711,474874,9/17/2022,sábado,1:40:00,RJ,40.0,94.0,DUQUE DE CAXIAS,Chuva,Colisão transversal,Sem Vítimas,Plena Noite,Crescente,Chuva,Simples,Curva,Não,2,0,0,0,2,0,0,2,-22.55763285,-43.26574352,SPRF-RJ,DEL01-RJ,UOP01-DEL01-RJ,17/09/2022 02:00:00,0.1,15.1,16.0,97.0,100.0,4.0,0.0,19.2
49739,474912,9/17/2022,sábado,7:20:00,MG,381.0,384.4,SAO GONCALO DO RIO ABAIXO,Chuva,Saída de leito carroçável,Com Vítimas Feridas,Pleno dia,Crescente,Chuva,Simples,Não Informado,Não,1,0,1,0,0,0,1,1,-19.835052,-43.373423,SPRF-MG,DEL01-MG,UOP01-DEL01-MG,17/09/2022 07:00:00,0.5,13.0,11.8,92.0,100.0,11.4,1.0,18.2
49740,474913,9/17/2022,sábado,7:00:00,RJ,101.0,196.0,CASIMIRO DE ABREU,Chuva,Saída de leito carroçável,Sem Vítimas,Amanhecer,Decrescente,Chuva,Dupla,Curva,Não,1,0,0,0,0,1,0,1,-22.49207101,-42.10926701,SPRF-RJ,DEL08-RJ,UOP04-DEL08-RJ,17/09/2022 07:00:00,0.1,16.7,17.0,91.0,82.0,9.8,1.0,21.7
49760,474941,9/17/2022,sábado,10:40:00,ES,101.0,270.0,SERRA,Chuva,Queda de ocupante de veículo,Com Vítimas Feridas,Pleno dia,Crescente,Chuva,Múltipla,Curva,Sim,1,0,1,0,0,0,1,1,-20.22662056,-40.27075088,SPRF-ES,DEL02-ES,UOP01-DEL02-ES,17/09/2022 11:00:00,0.4,18.1,16.6,77.0,100.0,19.2,1.0,22.3
50132,475446,9/19/2022,segunda-feira,14:00:00,RS,285.0,314.0,PASSO FUNDO,Chuva,Saída de leito carroçável,Com Vítimas Feridas,Pleno dia,Decrescente,Chuva,Simples,Reta,Não,3,0,3,0,0,0,3,1,-28.245794,-52.572262,SPRF-RS,DEL08-RS,UOP03-DEL08-RS,19/09/2022 14:00:00,4.0,13.1,11.1,93.0,100.0,17.7,1.0,15.7
50142,475459,9/19/2022,segunda-feira,11:45:00,SC,282.0,397.0,JOACABA,Chuva,Saída de leito carroçável,Sem Vítimas,Pleno dia,Crescente,Chuva,Simples,Curva,Não,1,0,0,0,1,0,0,1,-27.1551134,-51.60161912,SPRF-SC,DEL07-SC,UOP05-DEL07-SC,19/09/2022 12:00:00,3.4,12.9,11.2,92.0,90.0,15.1,1.0,14.9
50176,475512,9/19/2022,segunda-feira,21:20:00,BA,116.0,457.0,SANTO ESTEVAO,Chuva,Saída de leito carroçável,Com Vítimas Feridas,Plena Noite,Crescente,Chuva,Dupla,Reta,Não,1,0,0,1,0,0,1,1,-12.41101412,-39.18356593,SPRF-BA,DEL02-BA,UOP01-DEL02-BA,19/09/2022 21:00:00,0.0,21.7,23.9,90.0,91.0,11.2,0.0,22.1
50187,475529,9/19/2022,segunda-feira,23:15:00,RS,290.0,75.0,GRAVATAI,Chuva,Saída de leito carroçável,Sem Vítimas,Plena Noite,Crescente,Chuva,Múltipla,Reta,Não,1,0,0,0,1,0,0,1,-29.95521,-51.006855,SPRF-RS,DEL01-RS,UOP01-DEL01-RS,19/09/2022 23:00:00,0.8,15.6,16.6,98.0,100.0,5.0,0.0,18.0
50289,475696,9/20/2022,terça-feira,23:30:00,MG,251.0,471.1,FRANCISCO SA,Chuva,Saída de leito carroçável,Com Vítimas Fatais,Plena Noite,Decrescente,Chuva,Simples,Não Informado,Não,48,1,20,15,12,0,35,1,-16.46801304,-43.43121303,SPRF-MG,DEL12-MG,UOP01-DEL12-MG,21/09/2022 00:00:00,0.0,23.8,23.9,51.0,40.0,6.4,0.0,20.3
50376,475846,9/21/2022,quarta-feira,21:00:00,RJ,40.0,82.0,PETROPOLIS,Chuva,Colisão lateral mesmo sentido,Com Vítimas Feridas,Plena Noite,Crescente,Chuva,Dupla,Curva,Não,3,0,2,0,1,0,2,2,-22.51183137,-43.23076171,SPRF-RJ,DEL06-RJ,UOP02-DEL06-RJ,21/09/2022 21:00:00,0.0,17.1,18.3,90.0,83.0,5.1,0.0,19.2
50424,475925,9/22/2022,quinta-feira,7:30:00,GO,20.0,11.0,FORMOSA,Chuva,Saída de leito carroçável,Com Vítimas Feridas,Pleno dia,Crescente,Chuva,Simples,Reta,Não,2,0,1,0,1,0,1,1,-15.565637,-47.249306,SPRF-DF,DEL02-DF,UOP02-DEL02-DF,22/09/2022 08:00:00,0.0,23.9,25.5,66.0,33.0,6.0,1.0,18.9
50465,475999,9/22/2022,quinta-feira,14:04:00,GO,40.0,13.0,LUZIANIA,Chuva,Saída de leito carroçável,Sem Vítimas,Pleno dia,Crescente,Chuva,Dupla,Reta,Sim,1,0,0,0,0,1,0,1,-16.151832,-47.939162,SPRF-DF,DEL01-DF,UOP01-DEL01-DF,22/09/2022 14:00:00,0.0,30.0,30.4,41.0,99.0,9.2,1.0,17.5
50907,476782,9/25/2022,domingo,14:30:00,PR,376.0,666.0,GUARATUBA,Chuva,Colisão com objeto,Com Vítimas Feridas,Pleno dia,Crescente,Chuva,Simples,Curva,Não,3,0,2,0,1,0,2,1,-25.86037408,-48.95087256,SPRF-PR,DEL01-PR,UOP04-DEL01-PR,25/09/2022 15:00:00,0.2,16.4,15.5,73.0,98.0,9.3,1.0,16.2
50910,476787,9/25/2022,domingo,15:37:00,SC,470.0,156.7,TROMBUDO CENTRAL,Chuva,Saída de leito carroçável,Sem Vítimas,Pleno dia,Crescente,Chuva,Simples,Curva,Não,1,0,0,0,1,0,0,1,-27.284967,-49.765123,SPRF-SC,DEL04-SC,UOP02-DEL04-SC,25/09/2022 16:00:00,1.2,14.1,14.6,96.0,100.0,4.0,1.0,19.5
50967,476858,9/25/2022,domingo,19:00:00,BA,101.0,816.4,ITAMARAJU,Chuva,Saída de leito carroçável,Com Vítimas Feridas,Plena Noite,Crescente,Chuva,Simples,Desvio Temporário,Não,1,0,1,0,0,0,1,1,-17.086197,-39.571142,SPRF-BA,DEL09-BA,UOP02-DEL09-BA,25/09/2022 19:00:00,0.0,21.8,23.9,84.0,100.0,9.2,0.0,21.7
51033,476948,9/26/2022,segunda-feira,8:00:00,PR,116.0,23.0,CAMPINA GRANDE DO SUL,Chuva,Capotamento,Com Vítimas Feridas,Pleno dia,Crescente,Chuva,Dupla,Curva,Não,2,0,1,0,1,0,1,1,-25.1104764,-48.75592011,SPRF-PR,DEL01-PR,UOP02-DEL01-PR,26/09/2022 08:00:00,1.2,13.5,13.7,94.0,100.0,4.0,1.0,20.7
51058,476992,9/26/2022,segunda-feira,12:40:00,PR,116.0,54.0,CAMPINA GRANDE DO SUL,Chuva,Capotamento,Sem Vítimas,Pleno dia,Crescente,Chuva,Dupla,Desvio Temporário,Não,2,0,0,0,2,0,0,1,-25.2656158,-48.91632335,SPRF-PR,DEL01-PR,UOP02-DEL01-PR,26/09/2022 13:00:00,3.5,16.1,16.3,92.0,100.0,9.1,1.0,16.2
51060,476995,9/26/2022,segunda-feira,10:30:00,SP,116.0,515.5,CAJATI,Chuva,Saída de leito carroçável,Com Vítimas Feridas,Pleno dia,Decrescente,Chuva,Simples,Curva,Não,1,0,1,0,0,0,1,1,-24.86868296,-48.21092606,SPRF-SP,DEL05-SP,UOP02-DEL05-SP,26/09/2022 11:00:00,1.1,17.1,18.6,97.0,100.0,5.8,1.0,20.7
51063,476999,9/26/2022,segunda-feira,12:30:00,SP,116.0,556.0,BARRA DO TURVO,Chuva,Saída de leito carroçável,Sem Vítimas,Pleno dia,Crescente,Chuva,Simples,Curva,Não,2,0,0,0,2,0,0,1,-24.98257286,-48.50670145,SPRF-SP,DEL05-SP,UOP02-DEL05-SP,26/09/2022 13:00:00,3.2,16.6,17.9,98.0,100.0,6.1,1.0,20.7
51073,477021,9/26/2022,segunda-feira,13:34:00,MS,163.0,11.0,MUNDO NOVO,Chuva,Saída de leito carroçável,Com Vítimas Feridas,Pleno dia,Decrescente,Chuva,Simples,Reta,Não,3,0,2,0,1,0,2,1,-23.96872579,-54.32871421,SPRF-MS,DEL09-MS,UOP02-DEL09-MS,26/09/2022 14:00:00,0.9,20.6,21.7,86.0,87.0,12.5,1.0,19.8
51077,477027,9/26/2022,segunda-feira,15:15:00,SP,116.0,269.7,TABOAO DA SERRA,Chuva,Tombamento,Com Vítimas Feridas,Pleno dia,Crescente,Chuva,Dupla,Reta,Sim,1,0,0,1,0,0,1,1,-23.61593059,-46.78826044,SPRF-SP,DEL04-SP,UOP01-DEL04-SP,26/09/2022 15:00:00,2.3,19.6,21.1,89.0,90.0,8.0,1.0,17.7
51080,477033,9/26/2022,segunda-feira,16:10:00,SP,116.0,217.0,GUARULHOS,Chuva,Colisão com objeto,Com Vítimas Feridas,Pleno dia,Decrescente,Chuva,Múltipla,Reta,Sim,2,0,1,0,1,0,1,1,-23.45423824,-46.47119028,SPRF-SP,DEL01-SP,UOP01-DEL01-SP,26/09/2022 16:00:00,2.0,18.2,19.6,90.0,90.0,6.3,1.0,17.7
51092,477051,9/26/2022,segunda-feira,18:30:00,SP,116.0,223.0,GUARULHOS,Chuva,Queda de ocupante de veículo,Com Vítimas Feridas,Plena Noite,Decrescente,Garoa/Chuvisco,Múltipla,Reta,Sim,1,0,1,0,0,0,1,1,-23.47559815,-46.5246609,SPRF-SP,DEL01-SP,UOP01-DEL01-SP,26/09/2022 19:00:00,1.8,17.4,18.9,95.0,89.0,5.5,0.0,17.7
51118,477088,9/26/2022,segunda-feira,21:00:00,RJ,40.0,50.0,PETROPOLIS,Chuva,Queda de ocupante de veículo,Com Vítimas Feridas,Plena Noite,Decrescente,Chuva,Simples,Reta,Sim,1,0,1,0,0,0,1,1,-22.31806204,-43.13158166,SPRF-RJ,DEL06-RJ,UOP01-DEL06-RJ,26/09/2022 21:00:00,0.9,18.5,20.4,94.0,100.0,5.7,0.0,19.2
51234,477289,9/27/2022,terça-feira,20:10:00,RJ,40.0,86.0,PETROPOLIS,Chuva,Saída de leito carroçável,Com Vítimas Feridas,Plena Noite,Decrescente,Chuva,Dupla,Curva,Não,3,0,2,1,0,0,3,1,-22.53575484,-43.23295774,SPRF-RJ,DEL06-RJ,UOP02-DEL06-RJ,27/09/2022 20:00:00,0.2,19.9,22.8,95.0,43.0,3.6,0.0,19.2
51236,477295,9/27/2022,terça-feira,20:00:00,PR,369.0,207.1,APUCARANA,Chuva,Atropelamento de Pedestre,Com Vítimas Feridas,Plena Noite,Decrescente,Chuva,Simples,Interseção de vias,Sim,2,0,1,1,0,0,2,1,-23.56293194,-51.48848355,SPRF-PR,DEL07-PR,UOP03-DEL07-PR,27/09/2022 20:00:00,0.6,17.6,19.1,99.0,100.0,8.1,0.0,19.1
51245,477310,9/16/2022,sexta-feira,8:20:00,PR,116.0,39.5,CAMPINA GRANDE DO SUL,Chuva,Saída de leito carroçável,Com Vítimas Feridas,Pleno dia,Decrescente,Chuva,Dupla,Curva,Não,2,0,2,0,0,0,2,1,-25.156168,-48.8613401,SPRF-PR,DEL01-PR,UOP02-DEL01-PR,16/09/2022 08:00:00,0.0,11.7,10.3,97.0,100.0,12.0,1.0,16.2
51325,477457,9/28/2022,quarta-feira,17:30:00,RJ,356.0,84.0,CARDOSO MOREIRA,Chuva,Capotamento,Com Vítimas Feridas,Anoitecer,Crescente,Chuva,Simples,Reta,Não,2,0,1,0,1,0,1,1,-21.4795004,-41.65646512,SPRF-RJ,DEL08-RJ,UOP03-DEL08-RJ,28/09/2022 18:00:00,0.0,23.9,25.5,74.0,89.0,12.3,0.0,21.6
51407,477586,9/29/2022,quinta-feira,15:50:00,PR,116.0,9.8,CAMPINA GRANDE DO SUL,Chuva,Saída de leito carroçável,Com Vítimas Feridas,Pleno dia,Crescente,Chuva,Dupla,Curva,Não,3,0,2,0,1,0,2,1,-25.082467,-48.641556,SPRF-PR,DEL01-PR,UOP02-DEL01-PR,29/09/2022 16:00:00,0.5,13.6,12.4,91.0,100.0,12.8,1.0,20.7
51463,477670,9/21/2022,quarta-feira,20:00:00,RJ,40.0,91.1,PETROPOLIS,Chuva,Saída de leito carroçável,Com Vítimas Feridas,Plena Noite,Crescente,Chuva,Simples,Não Informado,Não,2,0,1,1,0,0,2,1,-22.54903566,-43.24229724,SPRF-RJ,DEL06-RJ,UOP02-DEL06-RJ,21/09/2022 20:00:00,0.0,18.3,19.8,87.0,88.0,4.7,0.0,19.2
51540,477804,9/30/2022,sexta-feira,18:30:00,RS,290.0,42.5,GLORINHA,Chuva,Saída de leito carroçável,Com Vítimas Feridas,Plena Noite,Decrescente,Chuva,Dupla,Reta,Não,1,0,1,0,0,0,1,1,-29.889519,-50.684872,SPRF-RS,DEL03-RS,UOP01-DEL03-RS,30/09/2022 19:00:00,3.9,16.1,15.6,90.0,90.0,13.4,0.0,18.0
51554,477829,9/30/2022,sexta-feira,17:00:00,MG,381.0,811.0,CAREACU,Chuva,Colisão com objeto,Com Vítimas Feridas,Pleno dia,Crescente,Chuva,Dupla,Curva,Não,2,0,1,0,1,0,1,1,-22.05313393,-45.6960471,SPRF-MG,DEL16-MG,UOP02-DEL16-MG,30/09/2022 17:00:00,1.0,20.8,21.8,74.0,100.0,7.2,1.0,18.5
51605,477898,10/1/2022,sábado,4:20:00,SP,116.0,518.0,CAJATI,Chuva,Saída de leito carroçável,Com Vítimas Feridas,Plena Noite,Decrescente,Chuva,Simples,Curva,Não,2,0,1,0,1,0,1,1,-24.88363347,-48.22397232,SPRF-SP,DEL05-SP,UOP02-DEL05-SP,01/10/2022 04:00:00,0.2,15.1,16.2,98.0,100.0,2.7,0.0,20.7
51637,477948,10/1/2022,sábado,8:10:00,SC,101.0,33.8,JOINVILLE,Chuva,Saída de leito carroçável,Com Vítimas Feridas,Pleno dia,Decrescente,Garoa/Chuvisco,Dupla,Reta,Não,1,0,1,0,0,0,1,1,-26.26070122,-48.90328516,SPRF-SC,DEL03-SC,UOP01-DEL03-SC,01/10/2022 08:00:00,0.1,17.6,19.0,90.0,97.0,4.7,1.0,19.5
51649,477964,10/1/2022,sábado,7:40:00,MG,40.0,177.2,JOAO PINHEIRO,Chuva,Saída de leito carroçável,Com Vítimas Feridas,Amanhecer,Decrescente,Chuva,Simples,Reta,Não,3,0,2,0,1,0,2,1,-17.96175123,-46.0104847,SPRF-MG,DEL14-MG,UOP02-DEL14-MG,01/10/2022 08:00:00,0.0,22.2,22.4,68.0,49.0,13.0,1.0,20.1
51707,478050,10/1/2022,sábado,19:00:00,SC,101.0,163.3,TIJUCAS,Chuva,Colisão com objeto,Com Vítimas Feridas,Plena Noite,Crescente,Chuva,Dupla,Reta,Não,1,0,1,0,0,0,1,1,-27.20831288,-48.61987922,SPRF-SC,DEL04-SC,UOP03-DEL04-SC,01/10/2022 19:00:00,0.0,19.2,21.1,92.0,35.0,7.3,0.0,19.4
51771,478133,10/2/2022,domingo,6:30:00,GO,70.0,1.7,AGUAS LINDAS DE GOIAS,Chuva,Colisão com objeto,Sem Vítimas,Amanhecer,Crescente,Chuva,Dupla,Não Informado,Sim,1,0,0,0,1,0,0,1,-15.77579351,-48.23259001,SPRF-DF,DEL01-DF,UOP03-DEL01-DF,02/10/2022 07:00:00,0.4,19.4,21.6,91.0,67.0,4.5,1.0,17.5
51784,478150,10/2/2022,domingo,8:56:00,GO,60.0,34.0,ALEXANIA,Chuva,Saída de leito carroçável,Com Vítimas Feridas,Pleno dia,Crescente,Chuva,Dupla,Reta,Não,2,0,1,0,1,0,1,1,-16.0963,-48.5202,SPRF-DF,DEL01-DF,UOP02-DEL01-DF,02/10/2022 09:00:00,0.0,24.9,26.9,58.0,85.0,0.4,1.0,20.0
51829,478212,10/2/2022,domingo,15:50:00,PA,316.0,74.0,SAO FRANCISCO DO PARA,Chuva,Tombamento,Com Vítimas Feridas,Pleno dia,Decrescente,Chuva,Simples,Reta,Não,2,0,2,0,0,0,2,1,-1.29131621,-47.83082209,SPRF-PA,DEL01-PA,UOP01-DEL01-PA,02/10/2022 16:00:00,0.8,28.4,32.4,73.0,32.0,10.6,1.0,25.4
51875,478274,10/2/2022,domingo,17:25:00,GO,60.0,274.0,JANDAIA,Chuva,Saída de leito carroçável,Com Vítimas Feridas,Pleno dia,Crescente,Chuva,Dupla,Curva,Não,4,0,4,0,0,0,4,1,-17.2123,-50.1583,SPRF-GO,DEL01-GO,UOP02-DEL01-GO,02/10/2022 17:00:00,0.0,31.6,33.0,40.0,57.0,5.4,1.0,20.1
51932,478357,10/3/2022,segunda-feira,8:00:00,RJ,40.0,91.0,PETROPOLIS,Chuva,Tombamento,Com Vítimas Feridas,Pleno dia,Decrescente,Chuva,Simples,Curva,Não,1,0,1,0,0,0,1,1,-22.54903566,-43.24229724,SPRF-RJ,DEL06-RJ,UOP02-DEL06-RJ,03/10/2022 08:00:00,0.5,17.2,19.0,94.0,100.0,2.5,1.0,19.2
52006,478484,10/3/2022,segunda-feira,19:00:00,MG,381.0,351.0,JOAO MONLEVADE,Chuva,Queda de ocupante de veículo,Com Vítimas Feridas,Plena Noite,Decrescente,Chuva,Simples,Interseção de vias,Não,1,0,1,0,0,0,1,1,-19.84644336,-43.16611234,SPRF-MG,DEL03-MG,UOP01-DEL03-MG,03/10/2022 19:00:00,0.1,22.2,23.8,75.0,47.0,7.7,0.0,18.2
52117,478670,10/4/2022,terça-feira,19:00:00,RJ,356.0,85.0,CARDOSO MOREIRA,Chuva,Saída de leito carroçável,Sem Vítimas,Plena Noite,Decrescente,Chuva,Simples,Curva,Não,4,0,0,0,4,0,0,1,-21.48337624,-41.64795307,SPRF-RJ,DEL08-RJ,UOP03-DEL08-RJ,04/10/2022 19:00:00,0.0,23.3,25.8,83.0,71.0,9.7,0.0,21.6
52138,478707,10/5/2022,quarta-feira,7:10:00,RJ,40.0,91.0,PETROPOLIS,Chuva,Colisão com objeto,Com Vítimas Feridas,Pleno dia,Decrescente,Chuva,Simples,Reta,Não,2,0,1,0,1,0,1,1,-22.54903566,-43.24229724,SPRF-RJ,DEL06-RJ,UOP02-DEL06-RJ,05/10/2022 07:00:00,0.3,17.1,19.2,99.0,100.0,2.9,1.0,19.2
52185,478795,10/5/2022,quarta-feira,16:18:00,PR,163.0,249.0,TOLEDO,Chuva,Saída de leito carroçável,Com Vítimas Feridas,Pleno dia,Decrescente,Chuva,Dupla,Reta,Não,1,0,1,0,0,0,1,1,-24.69088486,-53.74666583,SPRF-PR,DEL06-PR,UOP02-DEL06-PR,05/10/2022 16:00:00,0.7,21.0,23.3,89.0,90.0,8.5,1.0,19.8
52189,478802,10/5/2022,quarta-feira,15:00:00,PR,277.0,87.0,SAO JOSE DOS PINHAIS,Chuva,Saída de leito carroçável,Sem Vítimas,Pleno dia,Crescente,Chuva,Dupla,Reta,Não,1,0,0,0,1,0,0,1,-25.57089683,-49.21144198,SPRF-PR,DEL01-PR,UAP06-DEL01-PR,05/10/2022 15:00:00,0.0,21.3,21.6,63.0,71.0,7.1,1.0,16.2
52254,478912,10/6/2022,quinta-feira,11:00:00,RS,386.0,410.8,TRIUNFO,Chuva,Colisão transversal,Com Vítimas Feridas,Pleno dia,Crescente,Chuva,Dupla,Rotatória,Sim,4,0,4,0,0,0,4,2,-29.80348613,-51.51040792,SPRF-RS,DEL01-RS,UOP01-DEL01-RS,06/10/2022 11:00:00,3.6,18.3,19.8,92.0,90.0,6.6,1.0,18.0