,id,data_inversa,dia_semana,horario,uf,br,km,municipio,causa_acidente,tipo_acidente,classificacao_acidente,fase_dia,sentido_via,condicao_metereologica,tipo_pista,tracado_via,uso_solo,pessoas,mortos,feridos_leves,feridos_graves,ilesos,ignorados,feridos,veiculos,latitude,longitude,regional,delegacia,uop,rounded_datetime,rain,temperature_2m,apparent_temperature,relativehumidity_2m,cloudcover,windspeed_10m,is_day,mean_temperature
59864,490219,12/2/2022,sexta-feira,10:00:00,PR,376.0,470.0,PONTA GROSSA,Chuva,Saída de leito carroçável,Com Vítimas Feridas,Pleno dia,Decrescente,Chuva,Dupla,Curva,Não,1,0,1,0,0,0,1,1,-25.0409359,-50.27017496,SPRF-PR,DEL03-PR,UOP01-DEL03-PR,02/12/2022 10:00:00,0.1,24.8,27.8,70.0,69.0,9.8,1.0,15.9
59902,490279,12/2/2022,sexta-feira,16:00:00,ES,101.0,284.0,CARIACICA,Chuva,Saída de leito carroçável,Com Vítimas Feridas,Pleno dia,Decrescente,Chuva,Múltipla,Não Informado,Não,1,0,1,0,0,0,1,1,-20.24334991,-40.3696926,SPRF-ES,DEL01-ES,UOP01-DEL01-ES,02/12/2022 16:00:00,2.3,22.9,25.7,93.0,100.0,13.7,1.0,22.3
59919,490305,12/2/2022,sexta-feira,11:00:00,ES,101.0,274.4,SERRA,Chuva,Saída de leito carroçável,Com Vítimas Feridas,Pleno dia,Crescente,Chuva,Dupla,Reta,Sim,1,0,1,0,0,0,1,1,-20.21077705,-40.29763699,SPRF-ES,DEL02-ES,UOP01-DEL02-ES,02/12/2022 11:00:00,2.7,23.2,25.8,94.0,100.0,17.1,1.0,22.3
59943,490346,12/2/2022,sexta-feira,21:06:00,ES,101.0,304.8,VIANA,Chuva,Colisão com objeto,Sem Vítimas,Plena Noite,Crescente,Chuva,Dupla,Curva,Sim,1,0,0,0,1,0,0,1,-20.3800645,-40.45431391,SPRF-ES,DEL01-ES,UOP01-DEL01-ES,02/12/2022 21:00:00,2.2,22.7,24.9,94.0,100.0,17.4,0.0,22.3
59981,490402,12/3/2022,sábado,0:15:00,PR,373.0,172.3,PONTA GROSSA,Chuva,Colisão lateral mesmo sentido,Sem Vítimas,Plena Noite,Crescente,Chuva,Dupla,Reta,Sim,2,0,0,0,2,0,0,2,-25.08139932,-50.19200981,SPRF-PR,DEL03-PR,UOP01-DEL03-PR,03/12/2022 00:00:00,0.0,19.6,21.4,92.0,35.0,8.7,0.0,15.9
60051,490507,12/3/2022,sábado,9:30:00,MT,364.0,552.0,ROSARIO OESTE,Chuva,Saída de leito carroçável,Com Vítimas Feridas,Pleno dia,Crescente,Chuva,Dupla,Curva,Não,2,0,1,0,1,0,1,1,-14.83430567,-56.43363529,SPRF-MT,DEL01-MT,UOP01-DEL01-MT,03/12/2022 10:00:00,0.1,27.0,32.1,79.0,85.0,2.2,1.0,23.2
60055,490511,12/3/2022,sábado,13:40:00,GO,20.0,153.9,ALVORADA DO NORTE,Chuva,Saída de leito carroçável,Com Vítimas Feridas,Pleno dia,Decrescente,Chuva,Simples,Curva,Não,1,0,0,1,0,0,1,1,-14.67083,-46.645657,SPRF-DF,DEL02-DF,UOP03-DEL02-DF,03/12/2022 14:00:00,0.2,26.9,30.2,70.0,66.0,6.7,1.0,19.6
60070,490531,12/3/2022,sábado,15:30:00,PR,476.0,159.9,ARAUCARIA,Chuva,Colisão traseira,Com Vítimas Feridas,Pleno dia,Crescente,Chuva,Simples,Reta,Não,5,0,2,1,2,0,3,3,-25.6180742,-49.4358854,SPRF-PR,DEL01-PR,UAP06-DEL01-PR,03/12/2022 16:00:00,1.0,22.7,25.3,86.0,100.0,9.0,1.0,16.2
60119,490594,12/3/2022,sábado,17:40:00,SP,381.0,73.0,SAO PAULO,Chuva,Queda de ocupante de veículo,Com Vítimas Feridas,Anoitecer,Decrescente,Chuva,Múltipla,Curva,Não,2,0,2,0,0,0,2,1,-23.36553404,-46.55253934,SPRF-SP,DEL03-SP,UOP01-DEL03-SP,03/12/2022 18:00:00,1.5,20.8,23.5,88.0,50.0,3.3,1.0,17.7
60172,490669,12/3/2022,sábado,14:00:00,GO,60.0,299.0,ACREUNA,Chuva,Saída de leito carroçável,Com Vítimas Feridas,Pleno dia,Crescente,Chuva,Dupla,Reta,Não,3,0,3,0,0,0,3,1,-17.3745,-50.3507,SPRF-GO,DEL04-GO,UOP02-DEL04-GO,03/12/2022 14:00:00,1.8,29.1,32.9,59.0,95.0,8.4,1.0,20.1
60206,490718,12/4/2022,domingo,14:40:00,PR,376.0,617.0,SAO JOSE DOS PINHAIS,Chuva,Colisão com objeto,Com Vítimas Feridas,Pleno dia,Crescente,Chuva,Dupla,Curva,Sim,1,0,1,0,0,0,1,1,-25.58426494,-49.17618795,SPRF-PR,DEL01-PR,UOP04-DEL01-PR,04/12/2022 15:00:00,0.9,22.3,25.6,88.0,68.0,4.2,1.0,16.2
60245,490766,12/4/2022,domingo,16:10:00,MG,381.0,905.0,CAMBUI,Chuva,Saída de leito carroçável,Sem Vítimas,Pleno dia,Crescente,Chuva,Dupla,Não Informado,Não,1,0,0,0,1,0,0,1,-22.69514484,-46.1125442,SPRF-MG,DEL16-MG,UOP03-DEL16-MG,04/12/2022 16:00:00,1.2,19.3,21.3,93.0,100.0,6.3,1.0,17.7
60286,490812,12/4/2022,domingo,22:00:00,MT,364.0,205.0,RONDONOPOLIS,Chuva,Queda de ocupante de veículo,Com Vítimas Feridas,Plena Noite,Decrescente,Chuva,Dupla,Reta,Sim,1,0,0,1,0,0,1,1,-16.45928621,-54.66092345,SPRF-MT,DEL02-MT,UOP01-DEL02-MT,04/12/2022 22:00:00,0.0,25.7,29.1,76.0,91.0,7.3,0.0,22.5
60292,490819,12/4/2022,domingo,16:15:00,RS,386.0,234.8,SOLEDADE,Chuva,Saída de leito carroçável,Com Vítimas Feridas,Pleno dia,Crescente,Chuva,Simples,Não Informado,Não,2,0,2,0,0,0,2,1,-28.722898,-52.560581,SPRF-RS,DEL04-RS,UOP03-DEL04-RS,04/12/2022 16:00:00,2.3,24.8,27.3,78.0,89.0,11.9,1.0,15.7
60296,490826,12/4/2022,domingo,23:45:00,MG,381.0,934.0,EXTREMA,Chuva,Saída de leito carroçável,Com Vítimas Feridas,Plena Noite,Decrescente,Chuva,Dupla,Não Informado,Não,1,0,1,0,0,0,1,1,-22.80462601,-46.25982753,SPRF-MG,DEL16-MG,UOP03-DEL16-MG,05/12/2022 00:00:00,0.2,19.1,21.1,94.0,99.0,6.1,0.0,17.7
60314,490851,12/5/2022,segunda-feira,6:25:00,SC,470.0,54.9,BLUMENAU,Chuva,Saída de leito carroçável,Sem Vítimas,Pleno dia,Decrescente,Chuva,Simples,Curva,Sim,1,0,0,0,1,0,0,1,-26.871065,-49.110374,SPRF-SC,DEL04-SC,UOP01-DEL04-SC,05/12/2022 06:00:00,1.2,22.7,27.5,99.0,100.0,2.6,1.0,19.5
60346,490903,12/5/2022,segunda-feira,7:40:00,MG,381.0,729.7,CARMO DA CACHOEIRA,Chuva,Colisão com objeto,Sem Vítimas,Pleno dia,Decrescente,Chuva,Dupla,Curva,Não,4,0,0,0,4,0,0,1,-21.53065495,-45.23082007,SPRF-MG,DEL04-MG,UOP02-DEL04-MG,05/12/2022 08:00:00,0.7,18.9,19.7,95.0,50.0,14.5,1.0,18.2
60354,490914,12/5/2022,segunda-feira,10:00:00,MG,381.0,792.0,SAO GONCALO DO SAPUCAI,Chuva,Saída de leito carroçável,Com Vítimas Feridas,Pleno dia,Crescente,Chuva,Dupla,Curva,Não,1,0,1,0,0,0,1,1,-21.91931581,-45.59934602,SPRF-MG,DEL16-MG,UOP02-DEL16-MG,05/12/2022 10:00:00,0.4,21.3,23.5,88.0,100.0,8.8,1.0,18.5
60364,490930,12/4/2022,domingo,4:15:00,MG,153.0,28.1,CANAPOLIS,Chuva,Saída de leito carroçável,Sem Vítimas,Amanhecer,Crescente,Chuva,Dupla,Não Informado,Não,1,0,0,0,0,1,0,1,-18.66327211,-49.16526319,SPRF-MG,DEL15-MG,UOP03-DEL15-MG,04/12/2022 04:00:00,3.2,20.9,23.5,94.0,100.0,8.8,0.0,20.2
60391,490977,12/5/2022,segunda-feira,15:40:00,PR,153.0,494.0,GENERAL CARNEIRO,Chuva,Colisão frontal,Com Vítimas Feridas,Pleno dia,Crescente,Chuva,Simples,Não Informado,Não,5,0,2,0,3,0,2,2,-26.44404749,-51.31867284,SPRF-PR,DEL02-PR,UOP03-DEL02-PR,05/12/2022 16:00:00,2.4,24.3,27.4,78.0,58.0,5.6,1.0,14.9
60408,491001,12/5/2022,segunda-feira,20:40:00,PR,277.0,133.8,BALSA NOVA,Chuva,Colisão com objeto,Sem Vítimas,Plena Noite,Crescente,Chuva,Dupla,Reta,Não,1,0,0,0,1,0,0,1,-25.47146396,-49.67019103,SPRF-PR,DEL03-PR,UOP03-DEL03-PR,05/12/2022 21:00:00,0.3,18.5,20.2,95.0,100.0,8.0,0.0,16.2
60437,491043,10/18/2022,terça-feira,9:20:00,PE,101.0,60.0,RECIFE,Chuva,Colisão lateral mesmo sentido,Com Vítimas Feridas,Pleno dia,Crescente,Garoa/Chuvisco,Dupla,Desvio Temporário,Não,2,0,1,0,1,0,1,2,-7.98344307,-34.93176727,SPRF-PE,DEL01-PE,UOP02-DEL01-PE,18/10/2022 09:00:00,0.1,26.3,28.6,75.0,95.0,17.3,1.0,23.6
60462,491074,12/6/2022,terça-feira,6:00:00,SP,459.0,20.0,PIQUETE,Chuva,Saída de leito carroçável,Com Vítimas Fatais,Pleno dia,Decrescente,Chuva,Simples,Curva,Não,1,1,0,0,0,0,0,1,-22.646566,-45.144917,SPRF-SP,DEL08-SP,UOP03-DEL08-SP,06/12/2022 06:00:00,0.5,19.0,21.3,96.0,80.0,5.5,1.0,17.6
60482,491100,12/6/2022,terça-feira,10:30:00,MG,381.0,912.8,CAMANDUCAIA,Chuva,Saída de leito carroçável,Com Vítimas Feridas,Pleno dia,Decrescente,Chuva,Dupla,Curva,Não,2,0,1,0,1,0,1,1,-22.75390001,-46.146503,SPRF-MG,DEL16-MG,UOP03-DEL16-MG,06/12/2022 11:00:00,0.1,21.0,21.9,85.0,100.0,15.5,1.0,17.7
60493,491122,12/5/2022,segunda-feira,6:50:00,BA,101.0,480.0,URUCUCA,Chuva,Saída de leito carroçável,Com Vítimas Feridas,Pleno dia,Crescente,Chuva,Simples,Curva,Não,1,0,1,0,0,0,1,1,-14.64424907,-39.33819393,SPRF-BA,DEL05-BA,UOP01-DEL05-BA,05/12/2022 07:00:00,0.1,22.9,26.3,93.0,75.0,9.0,1.0,18.6
60514,491159,12/6/2022,terça-feira,15:45:00,RJ,40.0,84.0,PETROPOLIS,Chuva,Saída de leito carroçável,Com Vítimas Feridas,Pleno dia,Crescente,Chuva,Dupla,Curva,Não,2,0,1,0,1,0,1,1,-22.52145512,-43.23707996,SPRF-RJ,DEL06-RJ,UOP02-DEL06-RJ,06/12/2022 16:00:00,1.2,21.5,24.1,91.0,92.0,8.0,1.0,19.2
60614,491317,12/4/2022,domingo,4:30:00,MG,365.0,747.5,ITUIUTABA,Chuva,Saída de leito carroçável,Sem Vítimas,Plena Noite,Crescente,Chuva,Simples,Reta,Não,1,0,0,0,1,0,0,1,-18.93447,-49.428948,SPRF-MG,DEL15-MG,UOP03-DEL15-MG,04/12/2022 05:00:00,2.3,21.5,24.5,95.0,100.0,7.8,0.0,20.2
60657,491393,12/7/2022,quarta-feira,15:41:00,MG,381.0,592.0,CARMOPOLIS DE MINAS,Chuva,Colisão com objeto,Com Vítimas Feridas,Pleno dia,Decrescente,Chuva,Dupla,Não Informado,Não,2,0,1,0,1,0,1,1,-20.560318,-44.663582,SPRF-MG,DEL04-MG,UOP01-DEL04-MG,07/12/2022 16:00:00,5.3,21.8,24.2,89.0,43.0,10.3,1.0,18.8
60868,491722,11/19/2022,sábado,9:00:00,BA,101.0,521.0,BUERAREMA,Chuva,Saída de leito carroçável,Com Vítimas Feridas,Pleno dia,Crescente,Chuva,Simples,Reta,Não,1,0,1,0,0,0,1,1,-15.07285278,-39.33337726,SPRF-BA,DEL05-BA,UOP01-DEL05-BA,19/11/2022 09:00:00,0.2,24.4,26.3,77.0,100.0,13.7,1.0,18.6
61196,492200,12/11/2022,domingo,12:30:00,MS,267.0,192.3,NOVA ALVORADA DO SUL,Chuva,Colisão com objeto,Sem Vítimas,Pleno dia,Crescente,Chuva,Simples,Reta,Não,3,0,0,0,0,3,0,1,-21.59838418,-53.87471501,SPRF-MS,DEL02-MS,UOP03-DEL02-MS,11/12/2022 13:00:00,0.1,30.8,35.6,61.0,72.0,9.7,1.0,19.3
61248,492270,12/11/2022,domingo,20:50:00,PR,376.0,432.1,TIBAGI,Chuva,Colisão com objeto,Com Vítimas Feridas,Plena Noite,Crescente,Chuva,Dupla,Curva,Não,1,0,1,0,0,0,1,1,-24.75464539,-50.53539276,SPRF-PR,DEL03-PR,UOP02-DEL03-PR,11/12/2022 21:00:00,0.0,21.9,25.8,97.0,44.0,4.7,0.0,16.9
61372,492451,12/12/2022,segunda-feira,19:10:00,PR,116.0,39.3,CAMPINA GRANDE DO SUL,Chuva,Capotamento,Com Vítimas Feridas,Plena Noite,Crescente,Chuva,Dupla,Curva,Não,2,0,2,0,0,0,2,1,-25.156168,-48.8613401,SPRF-PR,DEL01-PR,UOP02-DEL01-PR,12/12/2022 19:00:00,0.0,23.8,27.2,86.0,82.0,7.2,0.0,16.2
61382,492468,12/12/2022,segunda-feira,18:40:00,MG,50.0,4.0,ARAGUARI,Chuva,Queda de ocupante de veículo,Com Vítimas Feridas,Plena Noite,Crescente,Chuva,Dupla,Curva,Não,1,0,0,1,0,0,1,1,-18.45334391,-48.04823463,SPRF-MG,DEL15-MG,UOP02-DEL15-MG,12/12/2022 19:00:00,0.0,25.4,27.9,71.0,92.0,8.3,0.0,19.5
61419,492525,12/13/2022,terça-feira,8:45:00,PR,116.0,10.0,CAMPINA GRANDE DO SUL,Chuva,Saída de leito carroçável,Com Vítimas Feridas,Pleno dia,Crescente,Chuva,Dupla,Curva,Não,1,0,1,0,0,0,1,1,-25.08357197,-48.64281407,SPRF-PR,DEL01-PR,UOP02-DEL01-PR,13/12/2022 09:00:00,1.4,18.9,20.8,92.0,100.0,6.4,1.0,20.7
61441,492567,12/13/2022,terça-feira,12:00:00,RJ,101.0,409.0,ITAGUAI,Chuva,Colisão traseira,Com Vítimas Feridas,Pleno dia,Crescente,Garoa/Chuvisco,Dupla,Reta,Sim,2,0,1,0,1,0,1,2,-22.886693,-43.837254,SPRF-RJ,DEL01-RJ,UOP04-DEL01-RJ,13/12/2022 12:00:00,0.5,28.6,32.2,79.0,100.0,20.2,1.0,19.2
61451,492586,12/13/2022,terça-feira,15:10:00,GO,20.0,118.0,FLORES DE GOIAS,Chuva,Saída de leito carroçável,Com Vítimas Feridas,Pleno dia,Crescente,Chuva,Simples,Reta,Não,4,0,3,0,1,0,3,1,-14.877173,-46.844711,SPRF-DF,DEL02-DF,UOP03-DEL02-DF,13/12/2022 15:00:00,2.1,28.0,32.4,70.0,23.0,5.9,1.0,19.6
61454,492590,12/13/2022,terça-feira,15:30:00,MG,381.0,489.2,BETIM,Chuva,Colisão com objeto,Sem Vítimas,Pleno dia,Decrescente,Chuva,Dupla,Reta,Sim,1,0,0,0,1,0,0,1,-19.96245618,-44.16455495,SPRF-MG,DEL01-MG,UOP03-DEL01-MG,13/12/2022 16:00:00,0.3,22.7,25.6,88.0,48.0,9.0,1.0,18.2
61460,492602,12/13/2022,terça-feira,15:15:00,MG,251.0,504.5,FRANCISCO SA,Chuva,Saída de leito carroçável,Com Vítimas Feridas,Pleno dia,Decrescente,Chuva,Simples,Não Informado,Não,5,0,3,0,2,0,3,1,-16.61695707,-43.67246999,SPRF-MG,DEL12-MG,UOP01-DEL12-MG,13/12/2022 15:00:00,0.0,27.8,30.2,65.0,51.0,14.2,1.0,20.3
61470,492614,12/13/2022,terça-feira,17:30:00,MG,381.0,593.3,CARMOPOLIS DE MINAS,Chuva,Saída de leito carroçável,Com Vítimas Feridas,Pleno dia,Crescente,Chuva,Dupla,Reta,Não,2,0,1,1,0,0,2,1,-20.58527993,-44.69380008,SPRF-MG,DEL04-MG,UOP01-DEL04-MG,13/12/2022 18:00:00,1.5,21.0,23.1,93.0,100.0,11.5,1.0,18.8
61485,492642,12/13/2022,terça-feira,19:45:00,ES,101.0,263.0,SERRA,Chuva,Queda de ocupante de veículo,Com Vítimas Feridas,Plena Noite,Crescente,Chuva,Dupla,Reta,Sim,1,0,1,0,0,0,1,1,-20.16554736,-40.27301648,SPRF-ES,DEL02-ES,UOP01-DEL02-ES,13/12/2022 20:00:00,10.3,24.6,28.6,94.0,100.0,12.1,0.0,22.3
61631,492885,12/15/2022,quinta-feira,8:35:00,DF,20.0,19.0,BRASILIA,Chuva,Colisão com objeto,Com Vítimas Feridas,Pleno dia,Crescente,Chuva,Dupla,Reta,Não,1,0,1,0,0,0,1,1,-15.612175,-47.700928,SPRF-DF,DEL02-DF,UOP01-DEL02-DF,15/12/2022 09:00:00,0.2,20.9,22.2,82.0,100.0,9.7,1.0,17.5
61656,492925,12/15/2022,quinta-feira,12:10:00,GO,60.0,82.6,ANAPOLIS,Chuva,Saída de leito carroçável,Com Vítimas Feridas,Pleno dia,Decrescente,Chuva,Dupla,Curva,Não,1,0,1,0,0,0,1,1,-16.3136,-48.8366,SPRF-GO,DEL02-GO,UOP01-DEL02-GO,15/12/2022 12:00:00,0.1,24.6,27.1,71.0,100.0,5.6,1.0,20.0
61795,493178,12/12/2022,segunda-feira,20:30:00,RJ,101.0,573.0,PARATY,Chuva,Queda de ocupante de veículo,Com Vítimas Feridas,Plena Noite,Crescente,Chuva,Simples,Reta,Não,1,0,1,0,0,0,1,1,-23.20276908,-44.72989482,SPRF-RJ,DEL03-RJ,UOP02-DEL03-RJ,12/12/2022 21:00:00,0.1,26.9,32.3,85.0,59.0,6.3,0.0,19.5
61810,493205,12/16/2022,sexta-feira,17:45:00,SC,101.0,37.0,JOINVILLE,Chuva,Tombamento,Com Vítimas Feridas,Pleno dia,Decrescente,Chuva,Dupla,Reta,Sim,2,0,2,0,0,0,2,1,-26.25050176,-48.90863867,SPRF-SC,DEL03-SC,UOP01-DEL03-SC,16/12/2022 18:00:00,0.1,22.3,23.3,82.0,86.0,17.2,1.0,19.5
61864,493281,12/17/2022,sábado,0:15:00,RJ,40.0,63.0,PETROPOLIS,Chuva,Saída de leito carroçável,Com Vítimas Feridas,Plena Noite,Crescente,Chuva,Simples,Reta,Sim,2,0,1,0,1,0,1,1,-22.41319517,-43.14970765,SPRF-RJ,DEL06-RJ,UOP02-DEL06-RJ,17/12/2022 00:00:00,0.0,18.6,21.0,99.0,100.0,4.4,0.0,19.2
61887,493313,12/17/2022,sábado,6:30:00,MG,50.0,33.0,ARAGUARI,Chuva,Saída de leito carroçável,Com Vítimas Feridas,Amanhecer,Crescente,Chuva,Dupla,Reta,Não,3,0,1,0,2,0,1,1,-18.64031273,-48.12395543,SPRF-MG,DEL15-MG,UOP02-DEL15-MG,17/12/2022 07:00:00,0.0,19.6,21.8,90.0,99.0,5.2,1.0,19.5
61932,493384,12/17/2022,sábado,11:25:00,MG,40.0,717.9,BARBACENA,Chuva,Saída de leito carroçável,Com Vítimas Feridas,Pleno dia,Crescente,Chuva,Simples,Curva,Não,3,0,1,0,2,0,1,1,-21.26034802,-43.66189055,SPRF-MG,DEL05-MG,UOP01-DEL05-MG,17/12/2022 11:00:00,0.5,23.7,25.9,68.0,100.0,6.5,1.0,17.2
61965,493436,12/17/2022,sábado,17:00:00,GO,60.0,176.0,ABADIA DE GOIAS,Chuva,Saída de leito carroçável,Com Vítimas Feridas,Pleno dia,Crescente,Céu Claro,Dupla,Curva,Sim,3,0,1,0,2,0,1,1,-16.7563,-49.4402,SPRF-GO,DEL01-GO,UOP02-DEL01-GO,17/12/2022 17:00:00,4.9,23.0,24.7,79.0,100.0,12.6,1.0,20.1
61980,493456,12/17/2022,sábado,18:05:00,RJ,101.0,548.0,PARATY,Chuva,Saída de leito carroçável,Com Vítimas Feridas,Anoitecer,Crescente,Chuva,Simples,Curva,Não,2,0,2,0,0,0,2,1,-23.04505073,-44.64600895,SPRF-RJ,DEL03-RJ,UOP03-DEL03-RJ,17/12/2022 18:00:00,0.3,22.8,26.5,93.0,58.0,6.6,1.0,19.5
62095,493602,12/18/2022,domingo,9:00:00,MG,40.0,656.5,CRISTIANO OTONI,Chuva,Colisão com objeto,Com Vítimas Feridas,Pleno dia,Decrescente,Chuva,Dupla,Curva,Não,3,0,2,0,1,0,2,1,-20.87261896,-43.79985605,SPRF-MG,DEL05-MG,UOP02-DEL05-MG,18/12/2022 09:00:00,0.1,18.4,19.0,85.0,100.0,9.7,1.0,17.2
62097,493604,12/18/2022,domingo,9:56:00,RJ,101.0,561.0,PARATY,Chuva,Colisão com objeto,Com Vítimas Feridas,Pleno dia,Crescente,Chuva,Simples,Reta,Não,1,0,1,0,0,0,1,1,-23.12647338,-44.71031833,SPRF-RJ,DEL03-RJ,UOP03-DEL03-RJ,18/12/2022 10:00:00,0.4,23.6,26.7,83.0,66.0,11.0,1.0,19.5
62184,493721,12/18/2022,domingo,19:30:00,RS,101.0,70.6,OSORIO,Chuva,Colisão transversal,Com Vítimas Feridas,Plena Noite,Decrescente,Chuva,Dupla,Reta,Não,6,0,1,0,5,0,1,2,-29.759604,-50.21723,SPRF-RS,DEL03-RS,UOP01-DEL03-RS,18/12/2022 20:00:00,0.1,19.9,19.3,87.0,100.0,22.7,0.0,18.4
62226,493778,12/19/2022,segunda-feira,5:35:00,RO,364.0,689.0,CANDEIAS DO JAMARI,Chuva,Saída de leito carroçável,Com Vítimas Feridas,Amanhecer,Decrescente,Chuva,Simples,Reta,Não,1,0,1,0,0,0,1,1,-8.794285,-63.668926,SPRF-RO,DEL01-RO,UOP01-DEL01-RO,19/12/2022 06:00:00,4.0,23.2,28.6,100.0,100.0,1.3,0.0,25.3
62229,493782,12/18/2022,domingo,23:10:00,SC,101.0,129.0,BALNEARIO CAMBORIU,Chuva,Capotamento,Sem Vítimas,Plena Noite,Decrescente,Chuva,Dupla,Reta,Não,3,0,0,0,3,0,0,1,-26.98064277,-48.6790679,SPRF-SC,DEL04-SC,UOP03-DEL04-SC,18/12/2022 23:00:00,0.7,20.4,21.0,90.0,100.0,17.7,0.0,19.5
62280,493872,12/19/2022,segunda-feira,11:50:00,MG,381.0,635.9,SANTO ANTONIO DO AMPARO,Chuva,Saída de leito carroçável,Com Vítimas Feridas,Pleno dia,Decrescente,Chuva,Dupla,Curva,Não,1,0,1,0,0,0,1,1,-20.88278809,-44.85183046,SPRF-MG,DEL04-MG,UOP01-DEL04-MG,19/12/2022 12:00:00,0.4,20.7,20.7,79.0,100.0,16.2,1.0,18.2
62288,493884,12/19/2022,segunda-feira,13:58:00,MG,381.0,531.2,ITATIAIUCU,Chuva,Capotamento,Sem Vítimas,Pleno dia,Crescente,Chuva,Dupla,Não Informado,Não,5,0,0,0,5,0,0,1,-20.18182886,-44.37895835,SPRF-MG,DEL04-MG,UOP03-DEL04-MG,19/12/2022 14:00:00,1.1,21.3,22.9,86.0,100.0,12.0,1.0,18.8
62314,493926,12/19/2022,segunda-feira,16:20:00,MG,40.0,177.1,JOAO PINHEIRO,Chuva,Saída de leito carroçável,Com Vítimas Feridas,Pleno dia,Decrescente,Chuva,Simples,Reta,Não,4,0,3,1,0,0,4,1,-17.96439426,-46.00613626,SPRF-MG,DEL14-MG,UOP02-DEL14-MG,19/12/2022 16:00:00,1.2,24.8,28.3,78.0,96.0,5.2,1.0,20.1
62315,493927,12/19/2022,segunda-feira,17:00:00,RS,158.0,116.7,PALMEIRA DAS MISSOES,Chuva,Saída de leito carroçável,Com Vítimas Feridas,Pleno dia,Decrescente,Chuva,Simples,Curva,Não,5,0,4,1,0,0,5,1,-28.0275097,-53.35774923,SPRF-RS,DEL08-RS,UOP01-DEL08-RS,19/12/2022 17:00:00,0.2,24.0,26.5,67.0,26.0,1.1,1.0,17.1
62346,493985,12/20/2022,terça-feira,10:00:00,RJ,40.0,1.0,COMENDADOR LEVY GASPARIAN,Chuva,Saída de leito carroçável,Com Vítimas Feridas,Pleno dia,Decrescente,Chuva,Dupla,Curva,Não,2,0,1,0,1,0,1,1,-22.01067195,-43.25892193,SPRF-RJ,DEL06-RJ,UOP01-DEL06-RJ,20/12/2022 10:00:00,1.4,21.6,25.5,96.0,100.0,2.3,1.0,17.7
62347,493986,12/20/2022,terça-feira,13:30:00,MG,365.0,635.0,UBERLANDIA,Chuva,Colisão traseira,Sem Vítimas,Pleno dia,Crescente,Chuva,Dupla,Não Informado,Não,6,0,0,0,6,0,0,2,-18.89262095,-48.41859299,SPRF-MG,DEL15-MG,UOP01-DEL15-MG,20/12/2022 14:00:00,0.1,22.4,24.7,92.0,100.0,14.3,1.0,19.5
62357,494009,12/20/2022,terça-feira,14:50:00,RJ,101.0,196.0,CASIMIRO DE ABREU,Chuva,Colisão com objeto,Com Vítimas Feridas,Pleno dia,Crescente,Garoa/Chuvisco,Dupla,Curva,Não,3,0,1,0,2,0,1,1,-22.49207101,-42.10926701,SPRF-RJ,DEL08-RJ,UOP04-DEL08-RJ,20/12/2022 15:00:00,1.9,22.6,26.5,95.0,100.0,5.9,1.0,21.7
62362,494016,12/19/2022,segunda-feira,15:00:00,MT,158.0,681.0,NOVA XAVANTINA,Chuva,Saída de leito carroçável,Com Vítimas Feridas,Pleno dia,Crescente,Chuva,Simples,Reta,Não,2,0,1,1,0,0,2,1,-14.896073,-52.27961402,SPRF-MT,DEL07-MT,UOP01-DEL07-MT,19/12/2022 15:00:00,1.0,25.0,29.9,89.0,66.0,4.2,1.0,22.5